"","X","nr","formulario","time","pidstr","frm2","frm3","frm4","age","female","income","educgrp","cordoba","info","pid","polar","mandate","treat","treat2"
"1",1,1,3,1,NA,0,1,0,32,0,10,3,1,2,0,7,2,"Switch","Switch"
"2",2,2,4,1,NA,0,0,1,26,0,3,3,1,0,0,6,5,"Full","Full"
"3",3,3,1,1,3,0,0,0,34,0,5,3,1,2,1,5,4,"Control","Control"
"4",4,4,2,1,NA,1,0,0,30,0,5,3,1,0,0,4,5,"Platform","Platform"
"5",5,5,3,1,NA,0,1,0,22,0,8,3,1,0,0,NA,2,"Switch","Switch"
"6",6,6,4,2,NA,0,0,1,27,0,NA,3,1,1,0,NA,4,"Full","Full"
"7",7,7,1,2,8,0,0,0,72,1,4,3,1,1,1,8,1,"Control","Control"
"8",8,8,1,2,NA,0,0,0,27,0,5,4,1,1,0,NA,4,"Control","Control"
"9",9,9,2,2,10,1,0,0,24,1,10,4,1,2,1,7,2,"Platform","Platform"
"10",10,10,2,1,9,1,0,0,27,0,9,4,1,2,1,9,4,"Platform","Platform"
"11",11,11,2,1,NA,1,0,0,30,1,3,3,1,0,0,NA,1,"Platform","Platform"
"12",12,12,1,1,8,0,0,0,41,0,3,3,1,2,1,10,1,"Control","Control"
"13",13,13,1,1,NA,0,0,0,27,1,4,3,1,0,0,6,1,"Control","Control"
"14",14,14,4,2,7,0,0,1,50,0,4,3,1,2,1,5,4,"Full","Full"
"15",15,15,3,1,NA,0,1,0,43,0,5,4,1,2,0,0,3,"Switch","Switch"
"16",16,16,3,1,NA,0,1,0,55,1,6,4,1,2,0,5,1,"Switch","Switch"
"17",17,17,1,1,NA,0,0,0,55,1,10,3,1,1,0,10,3,"Control","Control"
"18",18,18,3,1,NA,0,1,0,41,1,3,2,1,1,0,10,2,"Switch","Switch"
"19",19,19,2,2,9,1,0,0,40,1,6,4,1,1,1,8,1,"Platform","Platform"
"20",20,20,4,2,8,0,0,1,29,0,3,2,1,1,1,9,1,"Full","Full"
"21",21,21,4,1,8,0,0,1,48,1,4,2,1,1,1,8,1,"Full","Full"
"22",22,22,3,1,9,0,1,0,69,1,NA,4,1,1,1,6,2,"Switch","Switch"
"23",23,23,3,2,NA,0,1,0,25,1,NA,3,1,1,0,NA,4,"Switch","Switch"
"24",24,24,2,1,NA,1,0,0,22,1,3,3,1,2,0,9,1,"Platform","Platform"
"25",25,25,1,1,NA,0,0,0,41,1,3,4,1,1,0,2,3,"Control","Control"
"26",26,26,1,1,NA,0,0,0,39,0,4,3,1,2,0,9,1,"Control","Control"
"27",27,27,4,2,5,0,0,1,22,1,4,3,1,2,1,10,3,"Full","Full"
"28",28,28,2,1,NA,1,0,0,22,0,5,3,1,1,0,NA,1,"Platform","Platform"
"29",29,29,1,1,NA,0,0,0,21,0,4,2,1,0,0,NA,2,"Control","Control"
"30",30,30,2,1,6,1,0,0,31,0,6,3,1,1,1,8,4,"Platform","Platform"
"31",31,31,2,2,9,1,0,0,37,1,3,2,1,1,1,NA,1,"Platform","Platform"
"32",32,32,1,2,NA,0,0,0,64,0,5,4,1,2,0,4,4,"Control","Control"
"33",33,33,3,1,7,0,1,0,61,0,7,4,1,0,1,5,1,"Switch","Switch"
"34",34,34,2,2,4,1,0,0,46,0,3,3,1,2,1,8,2,"Platform","Platform"
"35",35,35,4,1,NA,0,0,1,109,0,5,4,1,1,0,7,1,"Full","Full"
"36",36,36,1,1,NA,0,0,0,24,1,3,3,1,0,0,0,1,"Control","Control"
"37",37,37,3,1,NA,0,1,0,31,1,3,2,1,1,0,NA,2,"Switch","Switch"
"38",38,38,2,1,NA,1,0,0,68,1,3,2,1,0,1,NA,1,"Platform","Platform"
"39",39,39,4,1,5,0,0,1,21,0,5,2,1,0,1,4,4,"Full","Full"
"40",40,40,1,1,9,0,0,0,74,1,NA,2,1,1,1,NA,1,"Control","Control"
"41",41,41,4,1,5,0,0,1,41,1,8,3,1,2,1,4,2,"Full","Full"
"42",42,42,4,1,NA,0,0,1,84,1,5,1,1,0,0,4,4,"Full","Full"
"43",43,43,3,2,NA,0,1,0,34,0,8,3,1,1,0,4,2,"Switch","Switch"
"44",44,44,2,3,10,1,0,0,37,1,8,3,1,2,1,9,2,"Platform","Platform"
"45",45,45,4,3,NA,0,0,1,25,1,3,2,1,1,0,NA,2,"Full","Full"
"46",46,46,1,1,NA,0,0,0,41,1,10,4,1,2,0,6,2,"Control","Control"
"47",47,47,2,2,10,1,0,0,18,1,NA,3,1,2,1,6,2,"Platform","Platform"
"48",48,48,1,2,7,0,0,0,49,1,NA,3,1,2,1,7,2,"Control","Control"
"49",49,49,3,2,NA,0,1,0,42,0,7,4,1,2,0,NA,2,"Switch","Switch"
"50",50,50,4,3,NA,0,0,1,27,1,4,4,1,1,0,NA,1,"Full","Full"
"51",51,51,1,3,NA,0,0,0,55,1,6,2,1,1,0,6,1,"Control","Control"
"52",52,52,4,1,NA,0,0,1,22,1,5,2,1,0,0,3,2,"Full","Full"
"53",53,53,2,1,NA,1,0,0,34,0,NA,3,1,1,0,7,1,"Platform","Platform"
"54",54,54,2,2,NA,1,0,0,38,1,NA,3,1,1,0,5,3,"Platform","Platform"
"55",55,55,2,2,10,1,0,0,58,0,NA,2,1,1,1,9,1,"Platform","Platform"
"56",56,56,1,2,NA,0,0,0,52,1,6,2,1,0,0,1,4,"Control","Control"
"57",57,57,3,2,NA,0,1,0,33,0,5,4,1,1,0,5,1,"Switch","Switch"
"58",58,58,4,1,5,0,0,1,46,0,10,4,1,2,1,5,1,"Full","Full"
"59",59,59,1,2,NA,0,0,0,33,1,5,4,1,2,0,4,1,"Control","Control"
"60",60,60,3,3,NA,0,1,0,46,1,NA,2,1,0,0,NA,2,"Switch","Switch"
"61",61,61,3,2,NA,0,1,0,22,1,8,3,1,0,0,6,1,"Switch","Switch"
"62",62,62,4,2,NA,0,0,1,76,0,5,2,1,1,0,6,4,"Full","Full"
"63",63,63,1,3,NA,0,0,0,77,1,NA,3,1,1,0,5,4,"Control","Control"
"64",64,64,4,2,NA,0,0,1,56,0,4,2,1,1,0,7,1,"Full","Full"
"65",65,65,4,2,NA,0,0,1,33,1,5,3,1,1,0,NA,3,"Full","Full"
"66",66,66,3,3,NA,0,1,0,71,0,NA,1,1,2,0,7,1,"Switch","Switch"
"67",67,67,2,1,NA,1,0,0,39,0,NA,3,1,1,0,5,2,"Platform","Platform"
"68",68,68,1,2,NA,0,0,0,18,0,NA,2,1,0,0,NA,1,"Control","Control"
"69",69,69,3,2,NA,0,1,0,33,1,5,4,1,1,0,6,NA,"Switch","Switch"
"70",70,70,2,2,NA,1,0,0,33,1,6,2,1,2,0,6,2,"Platform","Platform"
"71",71,71,3,1,NA,0,1,0,39,0,8,4,1,2,0,2,NA,"Switch","Switch"
"72",72,72,1,1,NA,0,0,0,20,1,5,3,1,1,0,NA,1,"Control","Control"
"73",73,73,4,2,3,0,0,1,22,1,5,3,1,0,1,NA,1,"Full","Full"
"74",74,74,4,2,NA,0,0,1,61,1,3,2,1,1,0,NA,1,"Full","Full"
"75",75,75,2,1,NA,1,0,0,41,1,NA,4,1,2,0,4,2,"Platform","Platform"
"76",76,76,3,3,2,0,1,0,25,1,5,3,1,1,1,4,2,"Switch","Switch"
"77",77,77,2,1,NA,1,0,0,56,1,3,2,1,1,0,NA,1,"Platform","Platform"
"78",78,78,1,2,7,0,0,0,43,0,3,3,1,2,1,9,4,"Control","Control"
"79",79,79,1,1,10,0,0,0,69,0,3,2,1,1,1,NA,1,"Control","Control"
"80",80,80,2,1,NA,1,0,0,40,1,5,3,1,0,0,NA,1,"Platform","Platform"
"81",81,81,3,1,NA,0,1,0,60,0,NA,4,1,1,0,3,2,"Switch","Switch"
"82",82,82,4,1,NA,0,0,1,45,0,10,3,1,1,0,6,5,"Full","Full"
"83",83,83,1,1,NA,0,0,0,45,1,2,2,1,0,0,2,1,"Control","Control"
"84",84,84,2,1,9,1,0,0,33,0,NA,3,1,2,1,7,1,"Platform","Platform"
"85",85,85,4,1,NA,0,0,1,68,1,3,2,1,1,0,NA,3,"Full","Full"
"86",86,86,1,1,8,0,0,0,35,1,4,4,1,2,1,7,5,"Control","Control"
"87",87,87,3,1,NA,0,1,0,78,0,4,3,1,0,0,6,1,"Switch","Switch"
"88",88,88,2,1,NA,1,0,0,34,0,3,4,1,1,0,7,1,"Platform","Platform"
"89",89,89,3,1,NA,0,1,0,36,0,NA,2,1,1,0,7,1,"Switch","Switch"
"90",90,90,4,1,NA,0,0,1,25,0,6,3,1,1,0,NA,1,"Full","Full"
"91",91,91,1,2,NA,0,0,0,69,0,5,2,1,1,0,6,1,"Control","Control"
"92",92,92,2,1,NA,1,0,0,29,0,NA,3,1,1,0,NA,1,"Platform","Platform"
"93",93,93,3,1,NA,0,1,0,45,0,3,2,1,0,0,6,1,"Switch","Switch"
"94",94,94,2,1,NA,1,0,0,42,1,4,3,1,1,0,7,1,"Platform","Platform"
"95",95,95,4,1,NA,0,0,1,63,0,2,2,1,0,0,3,1,"Full","Full"
"96",96,96,3,1,NA,0,1,0,29,1,3,3,1,0,0,NA,2,"Switch","Switch"
"97",97,97,1,1,NA,0,0,0,25,1,2,2,1,0,0,5,1,"Control","Control"
"98",98,98,2,2,10,1,0,0,63,1,3,2,1,2,1,10,3,"Platform","Platform"
"99",99,99,4,1,10,0,0,1,51,1,5,1,1,0,1,9,1,"Full","Full"
"100",100,100,1,1,NA,0,0,0,18,1,4,2,1,1,0,7,5,"Control","Control"
"101",101,101,3,2,4,0,1,0,61,1,5,4,1,1,1,0,4,"Switch","Switch"
"102",102,102,1,1,NA,0,0,0,63,1,3,2,1,1,0,NA,1,"Control","Control"
"103",103,103,3,1,NA,0,1,0,18,0,5,3,1,2,0,5,2,"Switch","Switch"
"104",104,104,3,1,NA,0,1,0,73,0,3,2,1,1,0,NA,1,"Switch","Switch"
"105",105,105,2,1,NA,1,0,0,65,1,NA,2,1,1,0,NA,1,"Platform","Platform"
"106",106,106,1,1,NA,0,0,0,32,1,5,2,1,0,0,5,2,"Control","Control"
"107",107,107,2,1,NA,1,0,0,74,1,NA,1,1,0,0,NA,1,"Platform","Platform"
"108",108,108,4,2,NA,0,0,1,31,1,5,3,1,0,0,4,1,"Full","Full"
"109",109,109,4,1,5,0,0,1,78,0,3,1,1,1,1,NA,1,"Full","Full"
"110",110,110,4,2,NA,0,0,1,61,1,NA,2,1,0,0,NA,1,"Full","Full"
"111",111,111,1,2,NA,0,0,0,38,0,4,2,1,2,0,5,1,"Control","Control"
"112",112,112,2,3,10,1,0,0,54,1,6,4,1,2,1,NA,3,"Platform","Platform"
"113",113,113,2,1,9,1,0,0,66,1,3,1,1,1,1,NA,1,"Platform","Platform"
"114",114,114,3,1,6,0,1,0,45,0,5,2,1,1,1,7,2,"Switch","Switch"
"115",115,115,3,2,6,0,1,0,80,1,NA,2,1,1,1,NA,1,"Switch","Switch"
"116",116,116,1,1,10,0,0,0,48,1,5,3,1,2,1,10,3,"Control","Control"
"117",117,117,4,1,7,0,0,1,19,1,3,2,1,1,1,7,1,"Full","Full"
"118",118,118,1,2,7,0,0,0,23,1,4,3,1,2,1,NA,1,"Control","Control"
"119",119,119,4,1,NA,0,0,1,37,1,2,2,1,0,0,7,3,"Full","Full"
"120",120,120,2,1,NA,1,0,0,24,1,6,4,1,1,0,7,3,"Platform","Platform"
"121",121,121,3,1,8,0,1,0,66,1,3,3,1,1,1,9,1,"Switch","Switch"
"122",122,122,4,3,7,0,0,1,56,1,1,3,1,1,1,10,1,"Full","Full"
"123",123,123,1,1,10,0,0,0,49,1,7,3,1,2,1,10,1,"Control","Control"
"124",124,124,2,1,NA,1,0,0,26,1,5,4,1,0,0,NA,1,"Platform","Platform"
"125",125,125,4,1,NA,0,0,1,38,0,3,2,1,0,0,5,1,"Full","Full"
"126",126,126,2,1,NA,1,0,0,39,0,4,2,1,0,0,NA,4,"Platform","Platform"
"127",127,127,3,1,10,0,1,0,72,1,4,2,1,1,1,10,1,"Switch","Switch"
"128",128,128,3,2,NA,0,1,0,50,1,NA,2,1,0,0,NA,3,"Switch","Switch"
"129",129,129,1,1,NA,0,0,0,38,1,3,2,1,1,0,6,1,"Control","Control"
"130",130,130,4,3,NA,0,0,1,45,1,NA,2,1,0,0,NA,1,"Full","Full"
"131",131,131,3,1,NA,0,1,0,19,1,NA,2,1,2,0,NA,1,"Switch","Switch"
"132",132,132,4,1,8,0,0,1,51,0,4,2,1,1,1,7,3,"Full","Full"
"133",133,133,1,2,NA,0,0,0,47,1,NA,1,1,0,0,NA,2,"Control","Control"
"134",134,134,2,2,9,1,0,0,52,0,NA,2,1,1,1,NA,2,"Platform","Platform"
"135",135,135,3,2,NA,0,1,0,32,1,4,2,1,2,0,NA,1,"Switch","Switch"
"136",136,136,4,1,10,0,0,1,41,0,2,1,1,0,1,NA,1,"Full","Full"
"137",137,137,1,1,9,0,0,0,70,1,NA,2,1,1,1,NA,1,"Control","Control"
"138",138,138,2,2,NA,1,0,0,44,1,5,2,1,1,0,NA,1,"Platform","Platform"
"139",139,139,3,1,NA,0,1,0,20,0,NA,2,1,0,0,NA,1,"Switch","Switch"
"140",140,140,4,2,NA,0,0,1,47,1,5,2,1,1,0,NA,1,"Full","Full"
"141",141,141,1,1,NA,0,0,0,57,1,NA,3,1,1,0,NA,3,"Control","Control"
"142",142,142,1,3,NA,0,0,0,55,1,NA,2,1,1,0,4,1,"Control","Control"
"143",143,143,4,2,NA,0,0,1,72,1,NA,2,1,1,0,7,1,"Full","Full"
"144",144,144,2,2,NA,1,0,0,31,1,5,3,1,1,0,6,1,"Platform","Platform"
"145",145,145,1,3,NA,0,0,0,26,1,6,3,1,1,0,6,1,"Control","Control"
"146",146,146,2,1,3,1,0,0,65,1,NA,3,1,1,1,5,1,"Platform","Platform"
"147",147,147,2,3,7,1,0,0,19,1,NA,4,1,0,1,6,1,"Platform","Platform"
"148",148,148,3,2,NA,0,1,0,51,0,5,2,1,1,0,2,1,"Switch","Switch"
"149",149,149,3,3,NA,0,1,0,44,0,NA,4,1,1,0,4,1,"Switch","Switch"
"150",150,150,4,1,NA,0,0,1,NA,1,NA,2,1,2,0,NA,1,"Full","Full"
"151",151,151,3,3,8,0,1,0,74,1,4,3,1,1,1,3,2,"Switch","Switch"
"152",152,152,4,3,NA,0,0,1,25,1,7,3,1,2,0,4,1,"Full","Full"
"153",153,153,1,2,NA,0,0,0,37,0,6,2,1,1,0,NA,2,"Control","Control"
"154",154,154,3,3,5,0,1,0,NA,1,8,3,1,1,1,NA,4,"Switch","Switch"
"155",155,155,3,2,NA,0,1,0,38,0,NA,3,1,1,0,NA,4,"Switch","Switch"
"156",156,156,2,1,8,1,0,0,36,0,3,2,1,1,1,NA,1,"Platform","Platform"
"157",157,157,4,2,NA,0,0,1,37,1,7,4,1,0,1,NA,2,"Full","Full"
"158",158,158,4,3,10,0,0,1,29,1,8,4,1,1,1,7,3,"Full","Full"
"159",159,159,1,2,6,0,0,0,38,0,5,2,1,2,1,8,4,"Control","Control"
"160",160,160,2,2,4,1,0,0,38,0,6,4,1,1,1,6,1,"Platform","Platform"
"161",161,161,4,2,6,0,0,1,37,0,NA,4,1,1,1,4,2,"Full","Full"
"162",162,162,3,2,NA,0,1,0,38,0,6,2,1,1,0,5,1,"Switch","Switch"
"163",163,163,3,2,NA,0,1,0,43,0,NA,4,1,1,0,2,2,"Switch","Switch"
"164",164,164,4,2,NA,0,0,1,61,0,NA,4,1,2,0,7,1,"Full","Full"
"165",165,165,3,2,NA,0,1,0,65,1,NA,2,1,1,0,6,2,"Switch","Switch"
"166",166,166,1,2,NA,0,0,0,46,0,6,2,1,1,0,NA,1,"Control","Control"
"167",167,167,4,2,NA,0,0,1,54,1,NA,4,1,2,0,6,2,"Full","Full"
"168",168,168,2,2,NA,1,0,0,37,1,NA,3,1,1,0,5,1,"Platform","Platform"
"169",169,169,3,2,NA,0,1,0,39,1,NA,2,1,2,0,5,3,"Switch","Switch"
"170",170,170,1,2,NA,0,0,0,48,1,7,2,1,1,0,6,1,"Control","Control"
"171",171,171,1,1,8,0,0,0,62,1,2,2,1,0,1,6,3,"Control","Control"
"172",172,172,2,2,10,1,0,0,21,1,6,3,1,2,1,7,2,"Platform","Platform"
"173",173,173,3,1,5,0,1,0,44,0,4,3,1,2,1,5,1,"Switch","Switch"
"174",174,174,4,2,4,0,0,1,20,1,2,2,1,0,1,NA,NA,"Full","Full"
"175",175,175,2,1,NA,1,0,0,30,0,3,1,1,0,0,9,1,"Platform","Platform"
"176",176,176,3,1,NA,0,1,0,24,1,3,3,1,0,0,NA,2,"Switch","Switch"
"177",177,177,1,1,NA,0,0,0,37,1,4,3,1,1,0,3,2,"Control","Control"
"178",178,178,1,1,NA,0,0,0,34,0,4,4,1,1,0,NA,1,"Control","Control"
"179",179,179,4,2,8,0,0,1,58,0,7,4,1,1,1,NA,1,"Full","Full"
"180",180,180,2,1,7,1,0,0,46,1,9,3,1,1,1,2,1,"Platform","Platform"
"181",181,181,3,3,NA,0,1,0,28,1,5,3,1,0,0,NA,1,"Switch","Switch"
"182",182,182,1,1,NA,0,0,0,62,0,NA,4,1,1,0,NA,1,"Control","Control"
"183",183,183,4,2,NA,0,0,1,29,0,NA,4,1,1,0,NA,1,"Full","Full"
"184",184,184,2,2,9,1,0,0,74,1,3,1,1,1,1,NA,1,"Platform","Platform"
"185",185,185,1,3,NA,0,0,0,65,1,4,1,1,0,0,NA,1,"Control","Control"
"186",186,186,3,3,NA,0,1,0,55,0,NA,3,1,1,0,NA,1,"Switch","Switch"
"187",187,187,4,3,7,0,0,1,56,0,3,4,1,1,1,NA,1,"Full","Full"
"188",188,188,1,3,7,0,0,0,60,0,NA,2,1,1,1,NA,4,"Control","Control"
"189",189,189,2,3,7,1,0,0,45,0,4,2,1,0,1,NA,4,"Platform","Platform"
"190",190,190,2,3,10,1,0,0,60,1,2,2,1,1,1,NA,1,"Platform","Platform"
"191",191,191,1,1,10,0,0,0,25,0,4,2,1,1,1,10,1,"Control","Control"
"192",192,192,2,2,10,1,0,0,21,0,5,3,1,1,1,6,4,"Platform","Platform"
"193",193,193,3,1,NA,0,1,0,25,0,3,2,1,2,0,6,1,"Switch","Switch"
"194",194,194,4,3,NA,0,0,1,47,1,4,2,1,0,0,9,1,"Full","Full"
"195",195,195,1,1,NA,0,0,0,52,1,4,2,1,1,0,2,1,"Control","Control"
"196",196,196,3,2,NA,0,1,0,19,0,7,3,1,2,0,8,2,"Switch","Switch"
"197",197,197,2,1,7,1,0,0,30,1,2,2,1,0,1,10,1,"Platform","Platform"
"198",198,198,2,1,10,1,0,0,23,1,5,3,1,0,1,NA,1,"Platform","Platform"
"199",199,199,4,1,NA,0,0,1,37,1,5,3,1,1,0,6,1,"Full","Full"
"200",200,200,1,1,NA,0,0,0,21,1,4,2,1,1,0,NA,4,"Control","Control"
"201",201,201,3,1,NA,0,1,0,20,1,NA,3,1,0,0,NA,1,"Switch","Switch"
"202",202,202,2,3,NA,1,0,0,33,0,10,3,1,1,0,10,1,"Platform","Platform"
"203",203,203,4,2,NA,0,0,1,78,1,2,1,1,1,0,NA,1,"Full","Full"
"204",204,204,2,2,NA,1,0,0,25,0,4,2,1,0,1,NA,1,"Platform","Platform"
"205",205,205,3,2,NA,0,1,0,49,1,NA,3,1,0,0,9,4,"Switch","Switch"
"206",206,206,1,1,NA,0,0,0,25,1,4,2,1,0,0,NA,1,"Control","Control"
"207",207,207,1,1,NA,0,0,0,39,0,NA,3,1,1,0,3,1,"Control","Control"
"208",208,208,4,3,10,0,0,1,42,1,NA,2,1,2,1,NA,1,"Full","Full"
"209",209,209,1,1,NA,0,0,0,28,1,2,2,1,0,0,NA,1,"Control","Control"
"210",210,210,2,2,NA,1,0,0,26,1,5,3,1,1,0,NA,1,"Platform","Platform"
"211",211,211,2,2,7,1,0,0,42,0,6,2,1,0,1,9,3,"Platform","Platform"
"212",212,212,3,3,NA,0,1,0,70,1,NA,2,1,1,0,NA,1,"Switch","Switch"
"213",213,213,4,2,NA,0,0,1,19,1,NA,3,1,1,0,NA,2,"Full","Full"
"214",214,214,2,2,NA,1,0,0,57,1,NA,2,1,1,0,10,1,"Platform","Platform"
"215",215,215,4,2,NA,0,0,1,38,1,NA,3,1,1,1,NA,1,"Full","Full"
"216",216,216,1,3,NA,0,0,0,38,1,NA,2,1,1,0,3,2,"Control","Control"
"217",217,217,2,2,NA,1,0,0,27,1,7,2,1,1,0,NA,4,"Platform","Platform"
"218",218,218,1,2,NA,0,0,0,57,1,NA,1,1,1,0,5,1,"Control","Control"
"219",219,219,2,2,NA,1,0,0,38,1,NA,4,1,2,0,2,4,"Platform","Platform"
"220",220,220,2,2,NA,1,0,0,47,0,8,3,1,2,0,9,1,"Platform","Platform"
"221",221,221,3,2,NA,0,1,0,55,1,5,3,1,2,0,NA,1,"Switch","Switch"
"222",222,222,4,2,NA,0,0,1,33,0,7,4,1,2,0,NA,1,"Full","Full"
"223",223,223,1,2,NA,0,0,0,56,0,NA,2,1,1,0,5,2,"Control","Control"
"224",224,224,2,2,NA,1,0,0,37,1,NA,2,1,1,0,7,1,"Platform","Platform"
"225",225,225,2,2,NA,1,0,0,50,1,NA,2,1,0,0,0,3,"Platform","Platform"
"226",226,226,3,3,NA,0,1,0,18,1,NA,3,1,0,0,3,2,"Switch","Switch"
"227",227,227,2,2,NA,1,0,0,22,0,NA,3,1,0,0,6,1,"Platform","Platform"
"228",228,228,4,3,7,0,0,1,28,1,6,4,1,1,1,6,4,"Full","Full"
"229",229,229,1,1,3,0,0,0,45,1,5,2,1,1,1,6,1,"Control","Control"
"230",230,230,1,1,NA,0,0,0,19,1,5,4,1,0,0,NA,4,"Control","Control"
"231",231,231,1,2,4,0,0,0,74,0,2,2,1,1,1,6,2,"Control","Control"
"232",232,232,2,2,NA,1,0,0,27,0,5,2,1,1,0,6,1,"Platform","Platform"
"233",233,233,3,1,NA,0,1,0,68,0,3,1,1,1,0,10,1,"Switch","Switch"
"234",234,234,4,1,NA,0,0,1,57,0,NA,3,1,2,0,4,4,"Full","Full"
"235",235,235,3,1,NA,0,1,0,30,0,8,3,1,0,0,4,1,"Switch","Switch"
"236",236,236,4,1,10,0,0,1,32,0,4,3,1,1,1,5,1,"Full","Full"
"237",237,237,1,1,10,0,0,0,63,1,NA,NA,1,1,1,10,3,"Control","Control"
"238",238,238,2,1,NA,1,0,0,32,1,NA,3,1,1,0,3,1,"Platform","Platform"
"239",239,239,4,2,NA,0,0,1,33,0,3,NA,1,0,0,6,2,"Full","Full"
"240",240,240,3,1,7,0,1,0,62,0,4,2,1,2,1,10,5,"Switch","Switch"
"241",241,241,1,2,NA,0,0,0,51,1,3,2,1,0,0,NA,2,"Control","Control"
"242",242,242,2,3,7,1,0,0,27,1,5,3,1,2,1,NA,1,"Platform","Platform"
"243",243,243,2,3,NA,1,0,0,25,1,4,4,1,1,0,8,1,"Platform","Platform"
"244",244,244,3,3,NA,0,1,0,53,1,NA,2,1,1,0,NA,1,"Switch","Switch"
"245",245,245,3,2,5,0,1,0,62,1,4,2,1,0,1,NA,4,"Switch","Switch"
"246",246,246,4,3,NA,0,0,1,43,1,2,2,1,1,0,NA,1,"Full","Full"
"247",247,247,4,3,5,0,0,1,109,1,4,2,1,0,1,NA,4,"Full","Full"
"248",248,248,3,1,6,0,1,0,65,1,3,2,1,1,1,NA,1,"Switch","Switch"
"249",249,249,1,3,3,0,0,0,55,1,2,1,1,1,1,NA,2,"Control","Control"
"250",250,250,4,3,10,0,0,1,35,1,4,2,1,1,1,NA,1,"Full","Full"
"251",251,251,3,2,NA,0,1,0,22,1,3,2,1,1,0,NA,1,"Switch","Switch"
"252",252,252,4,1,NA,0,0,1,47,1,3,2,1,0,0,NA,1,"Full","Full"
"253",253,253,1,1,NA,0,0,0,20,0,1,3,1,1,0,2,4,"Control","Control"
"254",254,254,1,1,NA,0,0,0,38,1,3,1,1,0,0,7,2,"Control","Control"
"255",255,255,2,1,NA,1,0,0,43,1,2,1,1,0,0,0,1,"Platform","Platform"
"256",256,256,4,1,8,0,0,1,57,0,5,1,1,1,1,4,2,"Full","Full"
"257",257,257,3,1,NA,0,1,0,57,1,5,2,1,1,0,0,1,"Switch","Switch"
"258",258,258,3,1,NA,0,1,0,45,0,4,2,1,1,0,NA,1,"Switch","Switch"
"259",259,259,4,1,NA,0,0,1,26,0,5,2,1,2,0,5,1,"Full","Full"
"260",260,260,2,1,6,1,0,0,25,0,3,3,1,1,1,8,1,"Platform","Platform"
"261",261,261,1,2,NA,0,0,0,109,1,3,2,1,1,0,NA,1,"Control","Control"
"262",262,262,1,1,NA,0,0,0,66,0,2,2,1,2,0,10,1,"Control","Control"
"263",263,263,3,2,NA,0,1,0,48,1,5,4,1,1,0,5,1,"Switch","Switch"
"264",264,264,1,1,5,0,0,0,36,1,5,3,1,0,1,5,1,"Control","Control"
"265",265,265,2,1,NA,1,0,0,55,1,5,2,1,1,0,NA,1,"Platform","Platform"
"266",266,266,4,2,9,0,0,1,64,1,10,2,1,0,1,0,1,"Full","Full"
"267",267,267,3,1,NA,0,1,0,23,0,9,3,1,1,0,2,2,"Switch","Switch"
"268",268,268,2,1,NA,1,0,0,27,1,8,3,1,2,0,3,2,"Platform","Platform"
"269",269,269,2,2,NA,1,0,0,45,1,4,2,1,0,0,NA,1,"Platform","Platform"
"270",270,270,4,2,10,0,0,1,54,0,3,2,1,0,1,6,2,"Full","Full"
"271",271,271,3,1,NA,0,1,0,33,1,NA,2,1,0,0,NA,1,"Switch","Switch"
"272",272,272,2,1,6,1,0,0,25,1,5,2,1,1,1,NA,2,"Platform","Platform"
"273",273,273,4,1,NA,0,0,1,48,0,NA,2,1,1,0,8,1,"Full","Full"
"274",274,274,4,2,8,0,0,1,29,0,5,2,1,1,1,6,2,"Full","Full"
"275",275,275,3,2,NA,0,1,0,24,1,5,2,1,0,0,NA,2,"Switch","Switch"
"276",276,276,4,1,NA,0,0,1,21,1,10,2,1,0,0,5,1,"Full","Full"
"277",277,277,1,1,NA,0,0,0,36,1,NA,4,1,1,0,NA,1,"Control","Control"
"278",278,278,3,2,NA,0,1,0,48,0,8,3,1,1,0,5,1,"Switch","Switch"
"279",279,279,1,1,NA,0,0,0,27,1,NA,4,1,0,0,NA,1,"Control","Control"
"280",280,280,2,3,9,1,0,0,64,1,3,1,1,1,1,NA,1,"Platform","Platform"
"281",281,281,2,2,NA,1,0,0,46,1,NA,4,1,2,0,2,NA,"Platform","Platform"
"282",282,282,3,2,NA,0,1,0,63,0,5,2,1,1,0,6,1,"Switch","Switch"
"283",283,283,3,2,NA,0,1,0,40,1,NA,4,1,1,0,6,1,"Switch","Switch"
"284",284,284,1,3,NA,0,0,0,61,1,7,2,1,1,0,NA,1,"Control","Control"
"285",285,285,4,2,NA,0,0,1,29,1,NA,3,1,0,0,7,2,"Full","Full"
"286",286,286,1,3,NA,0,0,0,47,0,NA,3,1,2,0,7,1,"Control","Control"
"287",287,287,2,2,9,1,0,0,26,1,6,2,1,0,1,7,1,"Platform","Platform"
"288",288,288,2,3,NA,1,0,0,20,1,NA,4,1,0,0,3,1,"Platform","Platform"
"289",289,289,4,2,NA,0,0,1,34,0,NA,3,1,2,0,6,1,"Full","Full"
"290",290,290,1,3,5,0,0,0,46,0,6,2,1,1,1,6,1,"Control","Control"
"291",291,291,2,1,NA,1,0,0,30,0,NA,3,1,1,0,5,1,"Platform","Platform"
"292",292,292,2,3,NA,1,0,0,19,0,NA,3,1,1,0,4,4,"Platform","Platform"
"293",293,293,3,2,NA,0,1,0,61,0,NA,3,1,0,0,7,1,"Switch","Switch"
"294",294,294,3,2,NA,0,1,0,83,1,NA,3,1,1,0,NA,3,"Switch","Switch"
"295",295,295,4,2,NA,0,0,1,34,1,NA,3,1,1,0,NA,1,"Full","Full"
"296",296,296,4,2,NA,0,0,1,56,0,6,2,1,1,0,4,4,"Full","Full"
"297",297,297,4,2,NA,0,0,1,51,0,6,2,1,1,0,7,1,"Full","Full"
"298",298,298,1,2,NA,0,0,0,20,1,7,3,1,1,0,7,1,"Control","Control"
"299",299,299,3,2,NA,0,1,0,45,0,NA,3,1,1,0,2,1,"Switch","Switch"
"300",300,300,1,2,NA,0,0,0,27,1,NA,3,1,1,0,NA,3,"Control","Control"
"301",301,301,3,1,NA,0,1,0,37,0,NA,4,1,1,0,9,2,"Switch","Switch"
"302",302,302,4,1,NA,0,0,1,62,1,3,2,1,1,0,5,3,"Full","Full"
"303",303,303,4,1,NA,0,0,1,57,1,NA,4,1,0,0,NA,1,"Full","Full"
"304",304,304,1,1,NA,0,0,0,61,1,5,3,1,2,0,3,1,"Control","Control"
"305",305,305,2,1,NA,1,0,0,80,1,3,2,1,2,0,NA,1,"Platform","Platform"
"306",306,306,1,2,NA,0,0,0,64,1,NA,2,1,0,0,NA,1,"Control","Control"
"307",307,307,3,1,NA,0,1,0,72,1,4,2,1,2,0,2,1,"Switch","Switch"
"308",308,308,2,1,NA,1,0,0,56,1,NA,2,1,1,0,NA,1,"Platform","Platform"
"309",309,309,4,1,NA,0,0,1,27,1,5,4,1,1,0,4,3,"Full","Full"
"310",310,310,3,1,NA,0,1,0,109,0,NA,3,1,2,0,NA,NA,"Switch","Switch"
"311",311,311,1,2,8,0,0,0,37,0,4,4,1,1,1,8,4,"Control","Control"
"312",312,312,4,1,NA,0,0,1,84,1,3,1,1,0,0,NA,1,"Full","Full"
"313",313,313,2,2,9,1,0,0,73,0,4,2,1,1,1,9,1,"Platform","Platform"
"314",314,314,1,1,NA,0,0,0,26,0,5,2,1,1,0,9,2,"Control","Control"
"315",315,315,3,1,8,0,1,0,46,0,5,3,1,1,1,NA,1,"Switch","Switch"
"316",316,316,2,1,NA,1,0,0,27,1,6,3,1,1,0,NA,1,"Platform","Platform"
"317",317,317,4,1,NA,0,0,1,33,1,8,4,1,1,0,NA,1,"Full","Full"
"318",318,318,1,1,NA,0,0,0,54,1,6,4,1,2,0,7,3,"Control","Control"
"319",319,319,3,1,NA,0,1,0,44,0,8,4,1,1,0,9,1,"Switch","Switch"
"320",320,320,2,3,NA,1,0,0,45,0,6,3,1,1,1,NA,1,"Platform","Platform"
"321",321,321,1,1,NA,0,0,0,34,1,5,2,1,1,0,NA,1,"Control","Control"
"322",322,322,1,1,NA,0,0,0,28,1,1,2,1,2,0,0,1,"Control","Control"
"323",323,323,2,1,7,1,0,0,17,0,NA,2,1,1,1,6,1,"Platform","Platform"
"324",324,324,2,1,NA,1,0,0,49,0,4,1,1,2,0,5,1,"Platform","Platform"
"325",325,325,1,1,8,0,0,0,82,1,3,1,1,0,1,7,4,"Control","Control"
"326",326,326,3,1,NA,0,1,0,52,1,3,2,1,1,0,0,1,"Switch","Switch"
"327",327,327,3,1,NA,0,1,0,47,1,5,2,1,1,0,6,1,"Switch","Switch"
"328",328,328,4,2,NA,0,0,1,89,1,3,1,1,1,0,NA,1,"Full","Full"
"329",329,329,4,1,NA,0,0,1,24,0,2,2,1,1,0,7,3,"Full","Full"
"330",330,330,2,2,6,1,0,0,44,1,NA,3,1,2,1,NA,2,"Platform","Platform"
"331",331,331,3,1,NA,0,1,0,22,1,NA,2,1,2,0,NA,1,"Switch","Switch"
"332",332,332,3,2,NA,0,1,0,47,0,3,2,1,0,0,NA,4,"Switch","Switch"
"333",333,333,2,2,10,1,0,0,51,0,NA,3,1,2,1,0,1,"Platform","Platform"
"334",334,334,1,1,NA,0,0,0,53,1,3,2,1,0,0,3,1,"Control","Control"
"335",335,335,2,1,NA,1,0,0,50,0,NA,1,1,1,0,NA,1,"Platform","Platform"
"336",336,336,1,1,NA,0,0,0,39,0,NA,3,1,1,0,NA,1,"Control","Control"
"337",337,337,3,1,NA,0,1,0,18,0,5,2,1,2,0,4,3,"Switch","Switch"
"338",338,338,4,3,NA,0,0,1,30,1,4,2,1,0,0,NA,1,"Full","Full"
"339",339,339,2,2,7,1,0,0,49,0,NA,1,1,0,1,NA,1,"Platform","Platform"
"340",340,340,4,1,NA,0,0,1,49,1,3,2,1,2,0,NA,3,"Full","Full"
"341",341,341,3,2,NA,0,1,0,48,0,NA,2,1,1,0,NA,1,"Switch","Switch"
"342",342,342,2,1,NA,1,0,0,30,1,4,4,1,2,0,3,1,"Platform","Platform"
"343",343,343,1,2,NA,0,0,0,46,1,NA,2,1,1,0,NA,1,"Control","Control"
"344",344,344,4,2,NA,0,0,1,32,1,10,4,1,2,0,7,1,"Full","Full"
"345",345,345,4,1,NA,0,0,1,40,0,7,3,1,1,0,NA,1,"Full","Full"
"346",346,346,2,1,4,1,0,0,47,0,NA,2,1,1,1,NA,NA,"Platform","Platform"
"347",347,347,3,1,NA,0,1,0,42,1,NA,3,1,1,0,1,1,"Switch","Switch"
"348",348,348,3,2,NA,0,1,0,38,1,3,3,1,1,0,NA,2,"Switch","Switch"
"349",349,349,1,1,8,0,0,0,65,0,5,2,1,1,1,NA,1,"Control","Control"
"350",350,350,4,1,NA,0,0,1,19,0,9,3,1,2,0,6,1,"Full","Full"
"351",351,351,3,1,5,0,1,0,62,1,5,2,1,2,1,5,3,"Switch","Switch"
"352",352,352,2,1,NA,1,0,0,78,0,3,1,1,2,0,NA,1,"Platform","Platform"
"353",353,353,2,2,5,1,0,0,63,1,NA,1,1,1,1,7,1,"Platform","Platform"
"354",354,354,4,1,NA,0,0,1,49,1,4,3,1,1,0,7,1,"Full","Full"
"355",355,355,1,2,8,0,0,0,61,0,5,3,1,2,1,7,1,"Control","Control"
"356",356,356,1,1,5,0,0,0,41,0,6,2,1,2,1,10,1,"Control","Control"
"357",357,357,1,1,NA,0,0,0,81,1,6,2,1,1,0,NA,1,"Control","Control"
"358",358,358,3,1,NA,0,1,0,84,1,3,2,1,2,0,8,1,"Switch","Switch"
"359",359,359,2,2,NA,1,0,0,73,1,4,2,1,1,0,7,1,"Platform","Platform"
"360",360,360,4,3,NA,0,0,1,67,0,5,3,1,2,0,NA,2,"Full","Full"
"361",361,361,4,1,NA,0,0,1,50,1,8,3,1,2,0,4,1,"Full","Full"
"362",362,362,4,1,9,0,0,1,26,0,NA,3,1,2,1,7,3,"Full","Full"
"363",363,363,1,1,NA,0,0,0,54,1,6,2,1,1,0,NA,1,"Control","Control"
"364",364,364,2,1,NA,1,0,0,54,1,9,3,1,2,0,10,1,"Platform","Platform"
"365",365,365,3,1,NA,0,1,0,32,1,10,3,1,1,0,0,1,"Switch","Switch"
"366",366,366,2,2,NA,1,0,0,79,1,4,1,1,0,0,NA,2,"Platform","Platform"
"367",367,367,3,1,NA,0,1,0,23,0,5,2,1,0,0,NA,1,"Switch","Switch"
"368",368,368,4,1,8,0,0,1,74,0,7,3,1,2,1,7,1,"Full","Full"
"369",369,369,3,2,NA,0,1,0,18,0,9,3,1,2,0,5,1,"Switch","Switch"
"370",370,370,1,1,NA,0,0,0,32,1,NA,3,1,0,0,8,1,"Control","Control"
"371",371,371,3,1,NA,0,1,0,50,1,10,3,1,2,0,7,2,"Switch","Switch"
"372",372,372,4,1,NA,0,0,1,53,0,NA,4,1,1,0,5,2,"Full","Full"
"373",373,373,1,1,8,0,0,0,51,1,NA,4,1,2,1,8,2,"Control","Control"
"374",374,374,1,1,4,0,0,0,36,1,5,2,1,0,1,NA,2,"Control","Control"
"375",375,375,2,1,NA,1,0,0,70,1,NA,2,1,1,0,3,1,"Platform","Platform"
"376",376,376,2,1,NA,1,0,0,56,0,5,4,1,2,1,3,1,"Platform","Platform"
"377",377,377,3,1,NA,0,1,0,32,1,NA,4,1,1,0,NA,1,"Switch","Switch"
"378",378,378,4,1,9,0,0,1,67,1,5,1,1,0,1,NA,1,"Full","Full"
"379",379,379,1,1,NA,0,0,0,48,1,NA,3,1,1,0,7,1,"Control","Control"
"380",380,380,2,2,4,1,0,0,77,1,NA,3,1,2,1,5,1,"Platform","Platform"
"381",381,381,3,3,5,0,1,0,77,1,3,3,1,2,1,7,1,"Switch","Switch"
"382",382,382,2,2,NA,1,0,0,56,1,5,4,1,1,0,5,1,"Platform","Platform"
"383",383,383,1,2,3,0,0,0,63,0,5,3,1,2,1,6,4,"Control","Control"
"384",384,384,4,3,2,0,0,1,48,0,10,3,1,2,1,5,5,"Full","Full"
"385",385,385,2,3,6,1,0,0,28,0,6,2,1,1,1,7,3,"Platform","Platform"
"386",386,386,1,1,NA,0,0,0,54,0,4,2,1,1,0,NA,1,"Control","Control"
"387",387,387,4,3,NA,0,0,1,69,1,5,2,1,1,0,NA,3,"Full","Full"
"388",388,388,1,1,NA,0,0,0,31,1,5,3,1,2,0,5,1,"Control","Control"
"389",389,389,2,2,NA,1,0,0,40,0,NA,4,1,1,0,NA,3,"Platform","Platform"
"390",390,390,3,1,5,0,1,0,68,1,5,3,1,1,1,5,1,"Switch","Switch"
"391",391,391,1,1,NA,0,0,0,49,0,5,3,1,1,0,5,1,"Control","Control"
"392",392,392,3,3,NA,0,1,0,57,0,6,4,1,2,0,7,4,"Switch","Switch"
"393",393,393,2,2,6,1,0,0,24,1,6,3,1,1,1,10,1,"Platform","Platform"
"394",394,394,4,2,NA,0,0,1,39,1,NA,2,1,0,0,NA,2,"Full","Full"
"395",395,395,2,2,7,1,0,0,29,0,3,3,1,1,1,3,3,"Platform","Platform"
"396",396,396,3,3,NA,0,1,0,52,1,NA,3,1,2,0,6,1,"Switch","Switch"
"397",397,397,4,2,NA,0,0,1,25,0,5,3,1,1,0,6,1,"Full","Full"
"398",398,398,1,1,4,0,0,0,25,1,5,3,1,0,1,3,1,"Control","Control"
"399",399,399,3,3,NA,0,1,0,56,1,6,4,1,2,0,8,1,"Switch","Switch"
"400",400,400,4,2,7,0,0,1,81,1,NA,2,1,1,1,5,2,"Full","Full"
"401",401,401,3,2,NA,0,1,0,32,0,7,3,1,0,0,1,1,"Switch","Switch"
"402",402,402,4,3,NA,0,0,1,20,0,NA,2,1,0,0,0,2,"Full","Full"
"403",403,403,3,1,NA,0,1,0,27,1,6,4,1,1,0,6,2,"Switch","Switch"
"404",404,404,2,2,8,1,0,0,25,1,NA,2,1,1,1,5,5,"Platform","Platform"
"405",405,405,1,1,9,0,0,0,41,0,6,3,1,1,1,7,1,"Control","Control"
"406",406,406,2,2,NA,1,0,0,24,1,4,2,1,0,0,6,5,"Platform","Platform"
"407",407,407,1,1,NA,0,0,0,52,0,7,3,1,1,0,6,3,"Control","Control"
"408",408,408,2,2,NA,1,0,0,42,0,NA,3,1,1,0,7,4,"Platform","Platform"
"409",409,409,1,2,6,0,0,0,60,1,8,4,1,1,1,6,2,"Control","Control"
"410",410,410,4,2,NA,0,0,1,52,1,5,2,1,1,0,4,5,"Full","Full"
"411",411,411,4,2,NA,0,0,1,61,1,NA,3,1,1,0,9,1,"Full","Full"
"412",412,412,3,1,5,0,1,0,22,1,5,2,1,0,1,4,2,"Switch","Switch"
"413",413,413,4,2,NA,0,0,1,18,1,NA,3,1,0,0,NA,NA,"Full","Full"
"414",414,414,3,2,NA,0,1,0,33,1,NA,4,1,1,0,2,2,"Switch","Switch"
"415",415,415,4,2,7,0,0,1,50,0,4,1,1,0,1,NA,3,"Full","Full"
"416",416,416,3,2,NA,0,1,0,47,1,NA,3,1,1,0,7,5,"Switch","Switch"
"417",417,417,2,2,NA,1,0,0,42,1,6,4,1,1,0,5,2,"Platform","Platform"
"418",418,418,2,1,0,1,0,0,71,1,NA,4,1,1,1,7,4,"Platform","Platform"
"419",419,419,1,3,NA,0,0,0,38,0,6,3,1,1,0,7,NA,"Control","Control"
"420",420,420,1,1,6,0,0,0,31,0,NA,3,1,2,1,NA,NA,"Control","Control"
"421",421,421,2,2,2,1,0,0,58,1,NA,4,1,1,1,3,1,"Platform","Platform"
"422",422,422,1,2,NA,0,0,0,74,1,NA,2,1,1,0,5,1,"Control","Control"
"423",423,423,4,2,5,0,0,1,33,0,NA,4,1,2,1,0,1,"Full","Full"
"424",424,424,1,2,6,0,0,0,22,1,NA,3,1,2,1,5,1,"Control","Control"
"425",425,425,4,2,NA,0,0,1,33,0,NA,3,1,2,0,6,1,"Full","Full"
"426",426,426,3,2,NA,0,1,0,49,1,NA,4,1,1,0,7,5,"Switch","Switch"
"427",427,427,4,1,NA,0,0,1,20,0,5,3,1,1,0,NA,2,"Full","Full"
"428",428,428,3,3,NA,0,1,0,39,1,6,4,1,1,0,2,5,"Switch","Switch"
"429",429,429,2,3,8,1,0,0,35,1,NA,3,1,2,1,6,4,"Platform","Platform"
"430",430,430,4,3,NA,0,0,1,66,0,NA,2,1,2,0,7,3,"Full","Full"
"431",431,431,3,2,NA,0,1,0,60,1,NA,4,1,2,0,NA,NA,"Switch","Switch"
"432",432,432,1,2,5,0,0,0,53,1,4,2,1,1,1,5,2,"Control","Control"
"433",433,433,3,2,NA,0,1,0,73,0,NA,2,1,2,0,6,1,"Switch","Switch"
"434",434,434,1,1,NA,0,0,0,40,1,NA,3,1,1,0,7,1,"Control","Control"
"435",435,435,1,2,5,0,0,0,61,0,NA,2,1,1,1,NA,1,"Control","Control"
"436",436,436,2,2,7,1,0,0,49,1,NA,4,1,2,1,5,1,"Platform","Platform"
"437",437,437,4,1,NA,0,0,1,42,0,4,2,1,1,0,NA,1,"Full","Full"
"438",438,438,2,2,NA,1,0,0,63,1,NA,2,1,0,0,NA,2,"Platform","Platform"
"439",439,439,4,1,NA,0,0,1,37,0,8,3,1,1,0,6,1,"Full","Full"
"440",440,440,2,2,8,1,0,0,79,1,NA,2,1,0,1,NA,2,"Platform","Platform"
"441",441,441,1,1,6,0,0,0,19,1,4,4,1,0,1,6,1,"Control","Control"
"442",442,442,4,1,NA,0,0,1,65,1,2,2,1,0,0,NA,1,"Full","Full"
"443",443,443,3,1,9,0,1,0,41,1,NA,2,1,1,1,NA,4,"Switch","Switch"
"444",444,444,2,2,NA,1,0,0,39,1,2,4,1,1,0,10,1,"Platform","Platform"
"445",445,445,1,1,8,0,0,0,50,1,5,3,1,2,1,2,1,"Control","Control"
"446",446,446,4,1,2,0,0,1,75,1,NA,3,1,2,0,NA,2,"Full","Full"
"447",447,447,3,2,NA,0,1,0,42,1,6,4,1,2,0,6,1,"Switch","Switch"
"448",448,448,2,2,NA,1,0,0,32,0,10,4,1,0,0,9,5,"Platform","Platform"
"449",449,449,1,1,8,0,0,0,37,1,9,2,1,0,1,4,1,"Control","Control"
"450",450,450,2,2,NA,1,0,0,25,1,10,4,1,1,0,9,4,"Platform","Platform"
"451",451,451,3,2,7,0,1,0,64,0,NA,2,1,1,1,5,1,"Switch","Switch"
"452",452,452,4,3,NA,0,0,1,43,1,NA,2,1,0,0,5,2,"Full","Full"
"453",453,453,1,2,NA,0,0,0,20,0,NA,3,1,1,0,6,2,"Control","Control"
"454",454,454,2,2,NA,1,0,0,57,1,6,3,1,1,0,NA,1,"Platform","Platform"
"455",455,455,1,3,NA,0,0,0,85,0,3,1,1,0,0,2,1,"Control","Control"
"456",456,456,2,2,2,1,0,0,24,0,5,3,1,1,1,6,1,"Platform","Platform"
"457",457,457,4,2,NA,0,0,1,62,1,NA,2,1,0,0,NA,2,"Full","Full"
"458",458,458,3,2,NA,0,1,0,63,0,NA,2,1,0,0,5,1,"Switch","Switch"
"459",459,459,3,2,NA,0,1,0,62,1,4,1,1,0,0,5,1,"Switch","Switch"
"460",460,460,4,2,NA,0,0,1,45,0,NA,2,1,0,0,4,1,"Full","Full"
"461",461,461,2,1,NA,1,0,0,63,1,NA,3,1,1,0,5,1,"Platform","Platform"
"462",462,462,1,2,NA,0,0,0,73,0,NA,4,1,1,0,NA,1,"Control","Control"
"463",463,463,3,1,7,0,1,0,64,1,NA,3,1,1,1,5,1,"Switch","Switch"
"464",464,464,2,2,NA,1,0,0,60,1,NA,3,1,1,0,6,3,"Platform","Platform"
"465",465,465,4,2,NA,0,0,1,32,1,NA,3,1,1,1,7,1,"Full","Full"
"466",466,466,4,2,NA,0,0,1,63,1,NA,2,1,1,0,6,1,"Full","Full"
"467",467,467,1,1,NA,0,0,0,33,0,8,3,1,2,0,4,2,"Control","Control"
"468",468,468,1,2,NA,0,0,0,46,1,NA,4,1,1,0,6,2,"Control","Control"
"469",469,469,3,2,NA,0,1,0,56,1,5,2,1,2,0,5,1,"Switch","Switch"
"470",470,470,2,2,NA,1,0,0,32,0,6,3,1,1,0,4,1,"Platform","Platform"
"471",471,471,1,1,NA,0,0,0,50,1,2,2,1,1,0,6,1,"Control","Control"
"472",472,472,2,1,NA,1,0,0,76,1,NA,1,1,0,0,NA,1,"Platform","Platform"
"473",473,473,3,1,NA,0,1,0,27,1,2,1,1,0,0,NA,1,"Switch","Switch"
"474",474,474,4,1,NA,0,0,1,26,1,6,4,1,2,0,0,2,"Full","Full"
"475",475,475,3,1,NA,0,1,0,39,1,2,1,1,0,0,NA,1,"Switch","Switch"
"476",476,476,4,1,10,0,0,1,70,1,3,2,1,1,1,NA,1,"Full","Full"
"477",477,477,1,1,7,0,0,0,66,0,1,1,1,0,1,3,1,"Control","Control"
"478",478,478,2,1,NA,1,0,0,48,0,5,2,1,0,0,5,2,"Platform","Platform"
"479",479,479,3,2,NA,0,1,0,44,0,4,2,1,0,0,3,1,"Switch","Switch"
"480",480,480,4,1,1,0,0,1,33,0,10,2,1,1,1,NA,3,"Full","Full"
"481",481,481,4,2,NA,0,0,1,52,0,5,2,1,1,0,6,1,"Full","Full"
"482",482,482,3,1,5,0,1,0,35,0,5,2,1,1,1,3,2,"Switch","Switch"
"483",483,483,1,2,NA,0,0,0,55,1,NA,1,1,1,0,NA,1,"Control","Control"
"484",484,484,3,2,NA,0,1,0,69,0,NA,1,1,0,0,NA,1,"Switch","Switch"
"485",485,485,2,1,NA,1,0,0,66,1,NA,2,1,1,0,NA,1,"Platform","Platform"
"486",486,486,4,1,NA,0,0,1,52,1,NA,2,1,0,0,6,3,"Full","Full"
"487",487,487,3,3,NA,0,1,0,62,1,NA,2,1,1,0,NA,2,"Switch","Switch"
"488",488,488,2,2,NA,1,0,0,31,1,NA,2,1,0,0,0,1,"Platform","Platform"
"489",489,489,4,3,NA,0,0,1,32,0,5,2,1,0,0,6,1,"Full","Full"
"490",490,490,1,2,NA,0,0,0,29,1,NA,3,1,1,0,5,2,"Control","Control"
"491",491,491,1,1,NA,0,0,0,75,0,6,3,1,2,0,4,4,"Control","Control"
"492",492,492,4,1,NA,0,0,1,56,0,10,4,1,2,0,4,2,"Full","Full"
"493",493,493,3,1,NA,0,1,0,28,1,5,2,1,0,0,2,4,"Switch","Switch"
"494",494,494,2,1,NA,1,0,0,26,0,8,4,1,0,0,6,3,"Platform","Platform"
"495",495,495,1,1,NA,0,0,0,40,1,6,3,1,1,0,4,1,"Control","Control"
"496",496,496,3,1,NA,0,1,0,23,0,7,3,1,1,0,NA,2,"Switch","Switch"
"497",497,497,4,1,NA,0,0,1,20,1,4,3,1,1,0,NA,1,"Full","Full"
"498",498,498,2,3,6,1,0,0,62,1,4,2,1,1,1,5,1,"Platform","Platform"
"499",499,499,1,1,4,0,0,0,42,1,3,2,1,0,1,NA,1,"Control","Control"
"500",500,500,2,1,10,1,0,0,59,0,6,2,1,2,1,6,2,"Platform","Platform"
"501",501,501,3,1,NA,0,1,0,34,1,NA,2,1,1,0,0,4,"Switch","Switch"
"502",502,502,4,3,7,0,0,1,33,0,4,3,1,0,1,7,1,"Full","Full"
"503",503,503,1,1,NA,0,0,0,69,1,5,2,1,1,0,2,1,"Control","Control"
"504",504,504,2,3,7,1,0,0,63,0,3,2,1,1,1,1,1,"Platform","Platform"
"505",505,505,4,3,NA,0,0,1,41,1,5,2,1,0,0,NA,1,"Full","Full"
"506",506,506,3,2,NA,0,1,0,43,0,NA,2,1,1,0,10,2,"Switch","Switch"
"507",507,507,1,1,NA,0,0,0,64,1,4,2,1,1,0,NA,1,"Control","Control"
"508",508,508,4,3,9,0,0,1,32,1,NA,3,1,0,1,7,1,"Full","Full"
"509",509,509,3,2,NA,0,1,0,75,1,NA,1,1,1,0,NA,1,"Switch","Switch"
"510",510,510,2,2,10,1,0,0,28,0,5,2,1,1,1,6,1,"Platform","Platform"
"511",511,511,2,1,NA,1,0,0,33,0,5,4,1,1,0,NA,4,"Platform","Platform"
"512",512,512,1,1,10,0,0,0,53,0,3,1,1,0,1,NA,5,"Control","Control"
"513",513,513,1,1,8,0,0,0,43,1,3,1,1,0,1,7,5,"Control","Control"
"514",514,514,3,1,NA,0,1,0,41,1,4,2,1,0,0,NA,2,"Switch","Switch"
"515",515,515,2,2,NA,1,0,0,23,1,2,2,1,0,1,8,2,"Platform","Platform"
"516",516,516,4,2,8,0,0,1,24,1,3,2,1,0,1,NA,2,"Full","Full"
"517",517,517,3,2,NA,0,1,0,27,1,2,2,1,0,0,6,2,"Switch","Switch"
"518",518,518,2,3,3,1,0,0,41,0,2,2,1,1,1,NA,1,"Platform","Platform"
"519",519,519,4,3,NA,0,0,1,20,1,5,2,1,1,0,NA,1,"Full","Full"
"520",520,520,1,1,NA,0,0,0,55,0,10,1,1,1,0,NA,5,"Control","Control"
"521",521,521,3,2,NA,0,1,0,46,0,3,2,1,0,0,5,1,"Switch","Switch"
"522",522,522,2,3,10,1,0,0,31,0,4,3,1,1,1,NA,1,"Platform","Platform"
"523",523,523,1,1,NA,0,0,0,32,0,5,2,1,1,0,NA,1,"Control","Control"
"524",524,524,4,3,NA,0,0,1,50,0,4,2,1,1,0,2,1,"Full","Full"
"525",525,525,2,3,10,1,0,0,64,1,3,2,1,0,1,10,1,"Platform","Platform"
"526",526,526,1,2,NA,0,0,0,34,1,6,2,1,0,0,NA,1,"Control","Control"
"527",527,527,3,2,NA,0,1,0,36,1,3,2,1,0,0,5,1,"Switch","Switch"
"528",528,528,2,3,10,1,0,0,36,1,5,3,1,0,1,NA,1,"Platform","Platform"
"529",529,529,1,2,NA,0,0,0,50,0,NA,2,1,2,0,0,1,"Control","Control"
"530",530,530,4,2,NA,0,0,1,NA,1,4,2,1,0,0,6,1,"Full","Full"
"531",531,531,1,1,NA,0,0,0,32,1,5,2,1,1,0,8,2,"Control","Control"
"532",532,532,3,1,NA,0,1,0,52,1,3,3,1,1,0,NA,3,"Switch","Switch"
"533",533,533,4,1,NA,0,0,1,69,1,5,2,1,1,0,NA,1,"Full","Full"
"534",534,534,1,1,NA,0,0,0,42,0,NA,2,1,1,0,6,1,"Control","Control"
"535",535,535,4,3,NA,0,0,1,40,0,4,2,1,1,0,4,5,"Full","Full"
"536",536,536,1,1,NA,0,0,0,31,1,10,3,1,1,0,2,1,"Control","Control"
"537",537,537,2,1,NA,1,0,0,26,1,5,3,1,1,0,7,1,"Platform","Platform"
"538",538,538,2,1,NA,1,0,0,26,0,10,3,1,2,0,5,1,"Platform","Platform"
"539",539,539,3,2,NA,0,1,0,33,1,6,3,1,1,0,6,1,"Switch","Switch"
"540",540,540,2,2,NA,1,0,0,74,0,5,1,1,1,0,NA,1,"Platform","Platform"
"541",541,541,3,1,NA,0,1,0,43,1,10,4,1,0,0,NA,1,"Switch","Switch"
"542",542,542,2,3,7,1,0,0,66,0,10,4,1,1,1,6,1,"Platform","Platform"
"543",543,543,4,2,NA,0,0,1,32,1,4,3,1,1,0,0,2,"Full","Full"
"544",544,544,1,1,8,0,0,0,57,0,10,3,1,1,1,8,3,"Control","Control"
"545",545,545,1,2,NA,0,0,0,21,0,4,3,1,0,0,6,2,"Control","Control"
"546",546,546,3,1,NA,0,1,0,66,0,5,3,1,1,0,NA,1,"Switch","Switch"
"547",547,547,4,1,NA,0,0,1,41,1,2,3,1,1,0,NA,1,"Full","Full"
"548",548,548,2,2,8,1,0,0,53,0,7,4,1,2,1,10,1,"Platform","Platform"
"549",549,549,4,3,NA,0,0,1,33,1,7,3,1,1,0,NA,1,"Full","Full"
"550",550,550,3,2,6,0,1,0,38,1,3,3,1,1,1,2,1,"Switch","Switch"
"551",551,551,4,3,8,0,0,1,32,1,5,4,1,1,1,5,2,"Full","Full"
"552",552,552,4,3,NA,0,0,1,41,0,10,4,1,1,0,3,1,"Full","Full"
"553",553,553,1,1,5,0,0,0,55,0,10,2,1,2,1,6,3,"Control","Control"
"554",554,554,1,2,NA,0,0,0,49,0,NA,2,1,2,0,NA,1,"Control","Control"
"555",555,555,2,2,9,1,0,0,44,1,NA,4,1,1,1,7,1,"Platform","Platform"
"556",556,556,2,2,NA,1,0,0,48,1,5,1,1,0,0,NA,1,"Platform","Platform"
"557",557,557,3,2,NA,0,1,0,64,1,3,3,1,2,0,7,1,"Switch","Switch"
"558",558,558,1,1,8,0,0,0,52,1,6,3,1,1,1,5,2,"Control","Control"
"559",559,559,4,2,NA,0,0,1,46,1,NA,3,1,1,0,NA,1,"Full","Full"
"560",560,560,3,2,NA,0,1,0,20,0,7,3,1,1,0,3,2,"Switch","Switch"
"561",561,561,4,1,9,0,0,1,42,0,5,3,1,1,1,5,5,"Full","Full"
"562",562,562,4,2,5,0,0,1,18,0,9,4,1,1,1,NA,4,"Full","Full"
"563",563,563,3,3,0,0,1,0,22,1,7,3,1,1,1,NA,1,"Switch","Switch"
"564",564,564,1,1,NA,0,0,0,64,1,5,3,1,1,0,8,2,"Control","Control"
"565",565,565,1,1,NA,0,0,0,45,1,NA,2,1,0,1,NA,1,"Control","Control"
"566",566,566,2,1,NA,1,0,0,34,0,6,3,1,0,0,1,1,"Platform","Platform"
"567",567,567,3,2,6,0,1,0,33,1,5,2,1,1,1,NA,2,"Switch","Switch"
"568",568,568,2,2,NA,1,0,0,32,1,5,3,1,0,0,NA,2,"Platform","Platform"
"569",569,569,4,1,8,0,0,1,44,1,2,1,1,0,1,NA,1,"Full","Full"
"570",570,570,3,2,NA,0,1,0,20,1,10,3,1,1,0,7,2,"Switch","Switch"
"571",571,571,4,1,10,0,0,1,20,1,3,2,1,0,1,NA,3,"Full","Full"
"572",572,572,3,1,NA,0,1,0,28,1,NA,2,1,1,0,0,4,"Switch","Switch"
"573",573,573,1,1,10,0,0,0,80,1,4,1,1,0,1,6,3,"Control","Control"
"574",574,574,4,2,NA,0,0,1,84,1,NA,1,1,0,0,NA,NA,"Full","Full"
"575",575,575,3,2,NA,0,1,0,28,1,2,2,1,1,0,NA,1,"Switch","Switch"
"576",576,576,2,3,10,1,0,0,84,1,3,2,1,0,1,9,1,"Platform","Platform"
"577",577,577,1,2,7,0,0,0,49,1,3,2,1,0,1,3,4,"Control","Control"
"578",578,578,4,2,8,0,0,1,41,1,6,2,1,0,1,NA,1,"Full","Full"
"579",579,579,3,2,NA,0,1,0,22,1,4,4,1,0,0,NA,1,"Switch","Switch"
"580",580,580,2,3,NA,1,0,0,70,1,3,1,1,0,0,NA,1,"Platform","Platform"
"581",581,581,2,1,NA,1,0,0,30,0,NA,3,1,1,0,5,1,"Platform","Platform"
"582",582,582,2,3,NA,1,0,0,19,0,NA,3,1,1,0,4,4,"Platform","Platform"
"583",583,583,3,2,NA,0,1,0,61,0,NA,3,1,0,0,7,1,"Switch","Switch"
"584",584,584,4,2,NA,0,0,1,34,1,NA,3,1,1,0,NA,1,"Full","Full"
"585",585,585,4,2,NA,0,0,1,51,0,6,2,1,1,0,7,1,"Full","Full"
"586",586,586,3,2,NA,0,1,0,83,1,NA,3,1,2,0,NA,3,"Switch","Switch"
"587",587,587,1,2,NA,0,0,0,20,1,7,3,1,1,0,7,1,"Control","Control"
"588",588,588,4,2,NA,0,0,1,56,0,6,2,1,1,0,4,4,"Full","Full"
"589",589,589,3,2,NA,0,1,0,45,0,NA,3,1,1,0,2,1,"Switch","Switch"
"590",590,590,1,2,NA,0,0,0,27,1,NA,3,1,1,0,NA,3,"Control","Control"
"591",591,591,4,2,NA,0,0,1,61,1,NA,3,1,1,0,9,1,"Full","Full"
"592",592,592,4,2,NA,0,0,1,18,1,NA,3,1,0,0,NA,NA,"Full","Full"
"593",593,593,3,3,5,0,1,0,22,1,5,2,1,0,1,4,2,"Switch","Switch"
"594",594,594,3,2,NA,0,1,0,33,1,NA,4,1,1,0,2,2,"Switch","Switch"
"595",595,595,4,2,7,0,0,1,50,0,4,1,1,0,1,NA,3,"Full","Full"
"596",596,596,3,2,NA,0,1,0,47,1,NA,3,1,1,0,7,5,"Switch","Switch"
"597",597,597,2,2,NA,1,0,0,42,1,6,4,1,1,0,5,2,"Platform","Platform"
"598",598,598,2,1,1,1,0,0,71,1,NA,4,1,1,1,7,4,"Platform","Platform"
"599",599,599,1,3,NA,0,0,0,38,0,6,3,1,1,0,7,NA,"Control","Control"
"600",600,600,1,1,6,0,0,0,31,0,NA,3,1,2,1,NA,NA,"Control","Control"
"601",601,601,3,2,NA,0,1,0,38,1,NA,4,0,0,0,NA,3,"Switch","Switch"
"602",602,602,1,2,NA,0,0,0,32,0,10,3,0,2,0,7,2,"Control","Control"
"603",603,603,2,2,NA,1,0,0,64,1,NA,3,0,1,0,9,1,"Platform","Platform"
"604",604,604,2,2,NA,1,0,0,35,1,NA,3,0,1,0,NA,1,"Platform","Platform"
"605",605,605,3,2,NA,0,1,0,67,0,NA,2,0,1,0,1,1,"Switch","Switch"
"606",606,606,1,2,3,0,0,0,72,0,NA,3,0,1,1,6,1,"Control","Control"
"607",607,607,4,3,NA,0,0,1,51,1,NA,2,0,0,0,NA,1,"Full","Full"
"608",608,608,1,2,NA,0,0,0,32,0,NA,3,0,0,0,0,1,"Control","Control"
"609",609,609,2,3,NA,1,0,0,38,1,NA,2,0,1,0,NA,1,"Platform","Platform"
"610",610,610,4,3,NA,0,0,1,42,1,NA,2,0,1,0,6,1,"Full","Full"
"611",611,611,3,1,NA,0,1,0,20,0,7,3,0,2,1,4,1,"Switch","Switch"
"612",612,612,4,1,NA,0,0,1,60,1,3,2,0,1,0,NA,2,"Full","Full"
"613",613,613,4,2,NA,0,0,1,81,0,5,3,0,1,0,2,1,"Full","Full"
"614",614,614,1,1,NA,0,0,0,51,1,NA,3,0,1,0,5,1,"Control","Control"
"615",615,615,1,1,NA,0,0,0,42,1,5,4,0,1,0,9,1,"Control","Control"
"616",616,616,2,1,NA,1,0,0,NA,1,10,4,0,1,0,3,1,"Platform","Platform"
"617",617,617,2,1,10,1,0,0,32,1,5,4,0,1,1,4,2,"Platform","Platform"
"618",618,618,3,1,NA,0,1,0,84,1,3,2,0,0,0,NA,1,"Switch","Switch"
"619",619,619,3,1,NA,0,1,0,65,0,7,4,0,2,0,5,1,"Switch","Switch"
"620",620,620,4,1,8,0,0,1,42,1,10,4,0,2,1,7,4,"Full","Full"
"621",621,621,1,1,6,0,0,0,29,0,5,4,0,2,0,6,2,"Control","Control"
"622",622,622,1,1,NA,0,0,0,45,1,5,2,0,1,0,NA,2,"Control","Control"
"623",623,623,2,1,NA,1,0,0,66,0,NA,2,0,1,1,NA,1,"Platform","Platform"
"624",624,624,3,1,NA,0,1,0,45,1,5,3,0,0,0,NA,1,"Switch","Switch"
"625",625,625,2,3,10,1,0,0,85,1,5,4,0,0,1,NA,2,"Platform","Platform"
"626",626,626,1,1,NA,0,0,0,58,1,NA,2,0,0,0,NA,1,"Control","Control"
"627",627,627,4,2,NA,0,0,1,43,1,5,3,0,1,0,NA,2,"Full","Full"
"628",628,628,3,3,NA,0,1,0,24,0,5,3,0,2,0,8,4,"Switch","Switch"
"629",629,629,3,2,4,0,1,0,20,0,5,2,0,1,1,NA,2,"Switch","Switch"
"630",630,630,4,1,NA,0,0,1,23,0,6,4,0,1,0,NA,1,"Full","Full"
"631",631,631,1,2,NA,0,0,0,23,0,NA,3,0,2,0,NA,3,"Control","Control"
"632",632,632,3,2,7,0,1,0,75,1,10,3,0,2,1,4,2,"Switch","Switch"
"633",633,633,3,1,9,0,1,0,53,0,5,3,0,2,1,10,5,"Switch","Switch"
"634",634,634,3,2,4,0,1,0,42,0,7,3,0,2,1,6,2,"Switch","Switch"
"635",635,635,4,1,10,0,0,1,58,1,10,4,0,2,1,7,3,"Full","Full"
"636",636,636,4,1,NA,0,0,1,80,0,10,4,0,2,0,10,3,"Full","Full"
"637",637,637,4,1,5,0,0,1,65,1,4,3,0,1,NA,8,NA,"Full","Full"
"638",638,638,2,2,10,1,0,0,25,0,8,3,0,1,1,10,1,"Platform","Platform"
"639",639,639,1,1,8,0,0,0,59,1,10,4,0,1,1,10,2,"Control","Control"
"640",640,640,2,2,10,1,0,0,46,0,NA,4,0,2,1,10,1,"Platform","Platform"
"641",641,641,3,3,NA,0,1,0,78,0,3,2,0,1,0,2,1,"Switch","Switch"
"642",642,642,4,2,8,0,0,1,62,0,5,2,0,1,1,7,1,"Full","Full"
"643",643,643,2,3,NA,1,0,0,40,0,4,2,0,1,0,0,1,"Platform","Platform"
"644",644,644,3,2,NA,0,1,0,46,0,5,3,0,2,0,5,2,"Switch","Switch"
"645",645,645,1,1,9,0,0,0,42,0,6,3,0,1,1,7,2,"Control","Control"
"646",646,646,3,2,NA,0,1,0,63,1,5,3,0,0,0,2,2,"Switch","Switch"
"647",647,647,1,1,10,0,0,0,52,1,5,3,0,2,1,6,1,"Control","Control"
"648",648,648,4,2,NA,0,0,1,24,1,NA,3,0,1,0,2,1,"Full","Full"
"649",649,649,2,3,NA,1,0,0,26,0,4,2,0,1,0,7,1,"Platform","Platform"
"650",650,650,3,3,NA,0,1,0,28,1,3,2,0,1,0,3,1,"Switch","Switch"
"651",651,651,1,3,NA,0,0,0,62,0,4,2,0,1,0,NA,1,"Control","Control"
"652",652,652,2,1,8,1,0,0,42,0,5,3,0,1,1,5,2,"Platform","Platform"
"653",653,653,3,1,10,0,1,0,77,1,3,1,0,2,1,NA,1,"Switch","Switch"
"654",654,654,4,1,NA,0,0,1,33,0,4,3,0,0,0,5,1,"Full","Full"
"655",655,655,1,1,NA,0,0,0,39,1,3,3,0,1,0,NA,1,"Control","Control"
"656",656,656,2,1,10,1,0,0,42,0,5,2,0,1,1,5,4,"Platform","Platform"
"657",657,657,3,3,2,0,1,0,31,0,4,4,0,1,1,NA,2,"Switch","Switch"
"658",658,658,4,3,7,0,0,1,53,1,5,3,0,1,1,6,1,"Full","Full"
"659",659,659,1,1,NA,0,0,0,24,0,2,2,0,1,0,7,1,"Control","Control"
"660",660,660,2,2,9,1,0,0,49,1,3,3,0,1,1,NA,1,"Platform","Platform"
"661",661,661,3,1,NA,0,1,0,44,1,3,4,0,2,0,2,1,"Switch","Switch"
"662",662,662,4,1,NA,0,0,1,24,1,5,3,0,0,0,NA,1,"Full","Full"
"663",663,663,1,1,4,0,0,0,22,1,4,3,0,1,1,NA,1,"Control","Control"
"664",664,664,2,1,9,1,0,0,28,1,5,3,0,0,1,8,1,"Platform","Platform"
"665",665,665,3,2,NA,0,1,0,33,0,5,3,0,1,0,NA,4,"Switch","Switch"
"666",666,666,1,6,NA,0,0,0,48,1,6,3,0,2,0,5,1,"Control","Control"
"667",667,667,2,2,8,1,0,0,56,0,NA,3,0,2,1,8,3,"Platform","Platform"
"668",668,668,1,1,10,0,0,0,37,1,5,4,0,2,1,4,4,"Control","Control"
"669",669,669,2,3,NA,1,0,0,22,1,NA,3,0,2,0,2,5,"Platform","Platform"
"670",670,670,4,1,NA,0,0,1,62,1,8,2,0,1,0,NA,1,"Full","Full"
"671",671,671,2,1,8,1,0,0,44,1,NA,3,0,1,1,NA,1,"Platform","Platform"
"672",672,672,3,1,NA,0,1,0,39,0,10,4,0,2,0,8,1,"Switch","Switch"
"673",673,673,1,1,NA,0,0,0,75,1,4,2,0,1,0,4,1,"Control","Control"
"674",674,674,3,1,6,0,1,0,82,0,2,1,0,0,1,10,5,"Switch","Switch"
"675",675,675,4,1,NA,0,0,1,20,0,9,3,0,2,0,6,2,"Full","Full"
"676",676,676,2,2,NA,1,0,0,79,1,5,3,0,2,0,NA,1,"Platform","Platform"
"677",677,677,1,2,8,0,0,0,59,1,NA,3,0,2,1,8,1,"Control","Control"
"678",678,678,3,2,NA,0,1,0,57,1,3,2,0,1,0,NA,1,"Switch","Switch"
"679",679,679,4,3,NA,0,0,1,39,1,NA,4,0,1,0,NA,1,"Full","Full"
"680",680,680,1,1,NA,0,0,0,55,1,6,2,0,1,0,NA,1,"Control","Control"
"681",681,681,2,3,9,1,0,0,55,1,5,3,0,2,1,10,1,"Platform","Platform"
"682",682,682,3,1,NA,0,1,0,42,1,3,2,0,0,0,NA,1,"Switch","Switch"
"683",683,683,2,1,8,1,0,0,52,1,2,2,0,1,1,NA,2,"Platform","Platform"
"684",684,684,4,3,NA,0,0,1,31,1,4,3,0,1,0,NA,1,"Full","Full"
"685",685,685,4,1,NA,0,0,1,55,1,6,3,0,1,0,NA,1,"Full","Full"
"686",686,686,1,1,NA,0,0,0,25,1,NA,3,0,0,0,NA,1,"Control","Control"
"687",687,687,3,1,NA,0,1,0,38,0,6,2,0,1,0,9,1,"Switch","Switch"
"688",688,688,2,1,NA,1,0,0,76,0,3,2,0,0,0,NA,1,"Platform","Platform"
"689",689,689,1,2,NA,0,0,0,20,1,5,3,0,1,0,NA,2,"Control","Control"
"690",690,690,3,2,NA,0,1,0,27,0,5,2,0,1,0,5,1,"Switch","Switch"
"691",691,691,1,1,10,0,0,0,53,0,8,3,0,2,1,7,4,"Control","Control"
"692",692,692,2,2,3,1,0,0,37,1,5,2,0,1,1,NA,3,"Platform","Platform"
"693",693,693,3,1,8,0,1,0,36,0,2,2,0,2,1,4,1,"Switch","Switch"
"694",694,694,4,3,8,0,0,1,50,0,9,3,0,1,1,4,3,"Full","Full"
"695",695,695,4,3,7,0,0,1,48,1,3,3,0,2,1,4,1,"Full","Full"
"696",696,696,2,2,NA,1,0,0,40,1,5,2,0,1,0,5,2,"Platform","Platform"
"697",697,697,3,2,NA,0,1,0,42,0,5,3,0,1,0,3,1,"Switch","Switch"
"698",698,698,4,1,NA,0,0,1,54,0,7,3,0,2,0,7,4,"Full","Full"
"699",699,699,1,2,NA,0,0,0,19,1,NA,2,0,1,0,5,1,"Control","Control"
"700",700,700,1,1,NA,0,0,0,29,1,5,3,0,0,0,NA,1,"Control","Control"
"701",701,701,2,2,NA,1,0,0,50,1,5,3,0,1,0,8,1,"Platform","Platform"
"702",702,702,3,1,NA,0,1,0,32,0,6,3,0,2,0,5,1,"Switch","Switch"
"703",703,703,4,1,8,0,0,1,74,1,4,3,0,1,1,NA,1,"Full","Full"
"704",704,704,1,1,8,0,0,0,60,1,7,4,0,1,1,8,2,"Control","Control"
"705",705,705,2,2,9,1,0,0,23,0,3,3,0,0,1,2,1,"Platform","Platform"
"706",706,706,3,1,NA,0,1,0,74,0,3,2,0,2,0,NA,1,"Switch","Switch"
"707",707,707,4,2,7,0,0,1,45,0,8,3,0,2,0,6,2,"Full","Full"
"708",708,708,1,3,8,0,0,0,65,1,4,2,0,0,1,9,1,"Control","Control"
"709",709,709,2,2,NA,1,0,0,23,1,8,3,0,2,1,NA,2,"Platform","Platform"
"710",710,710,4,2,7,0,0,1,26,0,5,2,0,1,1,10,2,"Full","Full"
"711",711,711,3,2,NA,0,1,0,55,0,4,2,0,0,0,6,1,"Switch","Switch"
"712",712,712,1,1,NA,0,0,0,61,0,1,3,0,2,0,8,1,"Control","Control"
"713",713,713,4,3,7,0,0,1,40,1,10,4,0,2,1,4,1,"Full","Full"
"714",714,714,4,1,NA,0,0,1,27,0,4,3,0,1,0,3,1,"Full","Full"
"715",715,715,1,1,5,0,0,0,20,0,NA,4,0,1,1,10,1,"Control","Control"
"716",716,716,2,1,5,1,0,0,18,1,NA,3,0,0,1,4,1,"Platform","Platform"
"717",717,717,2,2,NA,1,0,0,34,1,5,4,0,1,0,6,1,"Platform","Platform"
"718",718,718,3,1,NA,0,1,0,70,0,NA,2,0,1,0,10,1,"Switch","Switch"
"719",719,719,3,2,8,0,1,0,71,0,10,4,0,2,1,6,2,"Switch","Switch"
"720",720,720,1,1,10,0,0,0,66,1,2,2,0,0,1,NA,1,"Control","Control"
"721",721,721,2,1,10,1,0,0,44,0,NA,2,0,0,1,10,1,"Platform","Platform"
"722",722,722,3,2,NA,0,1,0,50,0,7,3,0,2,0,4,3,"Switch","Switch"
"723",723,723,4,2,NA,0,0,1,47,0,NA,3,0,1,0,NA,1,"Full","Full"
"724",724,724,1,2,10,0,0,0,71,1,2,1,0,0,1,NA,3,"Control","Control"
"725",725,725,2,1,NA,1,0,0,49,1,NA,2,0,1,0,NA,1,"Platform","Platform"
"726",726,726,3,2,NA,0,1,0,46,1,5,2,0,2,0,NA,1,"Switch","Switch"
"727",727,727,4,1,NA,0,0,1,60,0,NA,3,0,2,0,NA,1,"Full","Full"
"728",728,728,1,1,NA,0,0,0,68,1,2,2,0,0,0,NA,1,"Control","Control"
"729",729,729,2,1,NA,1,0,0,37,1,NA,3,0,1,0,10,1,"Platform","Platform"
"730",730,730,3,1,7,0,1,0,23,0,6,3,0,2,1,8,1,"Switch","Switch"
"731",731,731,4,1,NA,0,0,1,68,0,2,2,0,0,0,NA,1,"Full","Full"
"732",732,732,1,1,NA,0,0,0,46,1,4,2,0,2,0,5,1,"Control","Control"
"733",733,733,2,1,NA,1,0,0,45,1,4,3,0,2,0,1,1,"Platform","Platform"
"734",734,734,3,2,NA,0,1,0,63,1,5,3,0,1,0,NA,1,"Switch","Switch"
"735",735,735,4,2,5,0,0,1,68,0,NA,3,0,1,1,NA,2,"Full","Full"
"736",736,736,1,3,NA,0,0,0,39,1,NA,3,0,1,0,7,1,"Control","Control"
"737",737,737,2,2,NA,1,0,0,70,0,4,2,0,1,0,NA,1,"Platform","Platform"
"738",738,738,3,3,NA,0,1,0,58,1,4,2,0,0,0,3,NA,"Switch","Switch"
"739",739,739,4,2,8,0,0,1,66,1,NA,2,0,1,1,NA,1,"Full","Full"
"740",740,740,2,2,NA,1,0,0,24,1,4,3,0,1,0,8,1,"Platform","Platform"
"741",741,741,1,1,NA,0,0,0,48,0,NA,2,0,1,0,2,2,"Control","Control"
"742",742,742,2,1,NA,1,0,0,NA,1,NA,2,0,1,0,1,1,"Platform","Platform"
"743",743,743,3,1,4,0,1,0,41,1,3,2,0,0,1,6,1,"Switch","Switch"
"744",744,744,4,1,NA,0,0,1,39,1,3,2,0,0,0,NA,1,"Full","Full"
"745",745,745,4,1,NA,0,0,1,37,1,5,2,0,0,1,NA,1,"Full","Full"
"746",746,746,1,1,5,0,0,0,57,0,5,3,0,2,1,NA,1,"Control","Control"
"747",747,747,3,2,8,0,1,0,76,1,5,1,0,1,1,6,2,"Switch","Switch"
"748",748,748,1,1,4,0,0,0,24,1,3,2,0,0,1,3,1,"Control","Control"
"749",749,749,2,2,9,1,0,0,24,1,10,2,0,1,1,4,1,"Platform","Platform"
"750",750,750,3,1,4,0,1,0,64,1,NA,2,0,0,1,5,1,"Switch","Switch"
"751",751,751,2,2,NA,1,0,0,55,0,8,2,0,1,0,3,1,"Platform","Platform"
"752",752,752,3,1,NA,0,1,0,31,1,10,3,0,1,0,5,1,"Switch","Switch"
"753",753,753,4,1,NA,0,0,1,50,1,4,2,0,0,0,NA,1,"Full","Full"
"754",754,754,3,2,NA,0,1,0,44,1,4,2,0,0,0,2,1,"Switch","Switch"
"755",755,755,4,1,NA,0,0,1,26,1,4,2,0,0,0,9,1,"Full","Full"
"756",756,756,1,1,NA,0,0,0,62,0,NA,1,0,2,0,NA,1,"Control","Control"
"757",757,757,4,3,NA,0,0,1,21,1,3,3,0,0,0,3,1,"Full","Full"
"758",758,758,1,1,NA,0,0,0,81,1,4,2,0,0,0,NA,NA,"Control","Control"
"759",759,759,2,1,NA,1,0,0,39,1,8,4,0,1,0,7,1,"Platform","Platform"
"760",760,760,2,1,NA,1,0,0,68,1,2,1,0,0,0,NA,1,"Platform","Platform"
"761",761,761,1,1,NA,0,0,0,33,1,4,3,0,0,0,2,1,"Control","Control"
"762",762,762,1,1,8,0,0,0,71,0,5,2,0,1,1,5,1,"Control","Control"
"763",763,763,2,3,NA,1,0,0,59,0,5,2,0,1,0,NA,1,"Platform","Platform"
"764",764,764,2,1,NA,1,0,0,40,1,5,4,0,1,0,NA,1,"Platform","Platform"
"765",765,765,3,2,NA,0,1,0,42,1,NA,3,0,1,0,NA,1,"Switch","Switch"
"766",766,766,4,2,10,0,0,1,84,0,6,2,0,2,1,4,3,"Full","Full"
"767",767,767,4,3,8,0,0,1,47,1,10,4,0,1,0,NA,1,"Full","Full"
"768",768,768,3,1,NA,0,1,0,27,0,2,2,0,0,0,2,1,"Switch","Switch"
"769",769,769,1,1,NA,0,0,0,69,0,3,1,0,1,0,2,1,"Control","Control"
"770",770,770,3,3,4,0,1,0,35,0,6,2,0,0,1,0,1,"Switch","Switch"
"771",771,771,1,2,NA,0,0,0,60,1,7,1,0,1,0,5,1,"Control","Control"
"772",772,772,4,1,3,0,0,1,38,1,5,2,0,1,1,7,1,"Full","Full"
"773",773,773,4,3,8,0,0,1,23,1,4,2,0,0,1,7,1,"Full","Full"
"774",774,774,2,3,NA,1,0,0,39,0,NA,2,0,0,0,5,1,"Platform","Platform"
"775",775,775,1,1,3,0,0,0,30,1,5,2,0,1,1,6,1,"Control","Control"
"776",776,776,2,2,7,1,0,0,37,0,4,2,0,0,1,NA,1,"Platform","Platform"
"777",777,777,3,2,NA,0,1,0,52,0,4,3,0,1,0,8,1,"Switch","Switch"
"778",778,778,3,1,4,0,1,0,37,0,7,3,0,1,1,3,NA,"Switch","Switch"
"779",779,779,4,3,NA,0,0,1,29,0,7,2,0,0,0,2,4,"Full","Full"
"780",780,780,1,1,NA,0,0,0,23,1,4,3,0,1,0,NA,5,"Control","Control"
"781",781,781,2,1,NA,1,0,0,70,1,4,3,0,1,0,NA,1,"Platform","Platform"
"782",782,782,1,1,NA,0,0,0,42,0,4,3,0,1,0,6,1,"Control","Control"
"783",783,783,3,3,NA,0,1,0,71,1,5,3,0,2,0,3,1,"Switch","Switch"
"784",784,784,4,1,10,0,0,1,23,0,5,3,0,2,1,0,2,"Full","Full"
"785",785,785,2,1,NA,1,0,0,39,0,3,2,0,1,0,8,1,"Platform","Platform"
"786",786,786,3,1,NA,0,1,0,46,1,8,4,0,2,0,1,2,"Switch","Switch"
"787",787,787,4,3,NA,0,0,1,23,1,NA,3,0,1,0,NA,1,"Full","Full"
"788",788,788,1,2,NA,0,0,0,55,1,5,2,0,1,0,3,2,"Control","Control"
"789",789,789,2,1,NA,1,0,0,67,1,4,2,0,1,0,6,1,"Platform","Platform"
"790",790,790,4,1,NA,0,0,1,55,0,NA,2,0,2,0,1,1,"Full","Full"
"791",791,791,1,1,NA,0,0,0,54,0,3,2,0,1,0,6,1,"Control","Control"
"792",792,792,2,3,7,1,0,0,26,0,5,3,0,1,1,6,2,"Platform","Platform"
"793",793,793,4,3,NA,0,0,1,27,1,9,3,0,1,0,NA,1,"Full","Full"
"794",794,794,3,3,4,0,1,0,64,1,NA,4,0,2,1,5,3,"Switch","Switch"
"795",795,795,4,3,10,0,0,1,51,1,7,2,0,0,1,8,1,"Full","Full"
"796",796,796,3,2,NA,0,1,0,44,1,NA,4,0,1,0,4,3,"Switch","Switch"
"797",797,797,3,2,NA,0,1,0,56,1,5,2,0,1,0,2,1,"Switch","Switch"
"798",798,798,1,1,NA,0,0,0,28,1,3,3,0,0,0,NA,1,"Control","Control"
"799",799,799,2,3,NA,1,0,0,65,1,2,2,0,0,0,NA,1,"Platform","Platform"
"800",800,800,1,1,NA,0,0,0,30,1,7,2,0,1,0,10,1,"Control","Control"
"801",801,801,3,2,NA,0,1,0,50,1,NA,1,0,1,0,NA,1,"Switch","Switch"
"802",802,802,3,1,NA,0,1,0,77,1,4,1,0,0,0,NA,1,"Switch","Switch"
"803",803,803,1,1,NA,0,0,0,29,1,4,2,0,0,0,0,1,"Control","Control"
"804",804,804,3,1,NA,0,1,0,45,0,NA,2,0,1,0,NA,1,"Switch","Switch"
"805",805,805,2,2,6,1,0,0,47,1,3,2,0,1,1,NA,1,"Platform","Platform"
"806",806,806,4,2,NA,0,0,1,59,1,3,1,0,0,0,NA,1,"Full","Full"
"807",807,807,4,1,NA,0,0,1,34,1,5,3,0,2,0,NA,2,"Full","Full"
"808",808,808,2,1,7,1,0,0,58,0,NA,3,0,1,1,3,2,"Platform","Platform"
"809",809,809,4,2,NA,0,0,1,34,0,NA,2,0,1,0,NA,1,"Full","Full"
"810",810,810,1,1,NA,0,0,0,43,1,3,3,0,1,0,NA,2,"Control","Control"
"811",811,811,1,1,NA,0,0,0,62,1,3,2,0,0,0,NA,2,"Control","Control"
"812",812,812,3,2,NA,0,1,0,34,1,2,2,0,0,0,NA,1,"Switch","Switch"
"813",813,813,1,2,NA,0,0,0,63,1,8,2,0,2,0,7,1,"Control","Control"
"814",814,814,3,1,NA,0,1,0,19,0,4,3,0,0,0,NA,NA,"Switch","Switch"
"815",815,815,2,1,NA,1,0,0,43,1,6,4,0,1,0,NA,2,"Platform","Platform"
"816",816,816,2,2,NA,1,0,0,29,1,NA,1,0,2,0,NA,2,"Platform","Platform"
"817",817,817,4,1,NA,0,0,1,36,1,7,2,0,0,0,NA,3,"Full","Full"
"818",818,818,2,2,NA,1,0,0,46,0,5,2,0,1,0,NA,1,"Platform","Platform"
"819",819,819,4,1,NA,0,0,1,74,0,4,1,0,0,0,NA,2,"Full","Full"
"820",820,820,1,2,8,0,0,0,42,1,4,4,0,2,1,NA,3,"Control","Control"
"821",821,821,1,2,NA,0,0,0,32,1,6,3,0,0,0,10,1,"Control","Control"
"822",822,822,4,1,NA,0,0,1,48,1,8,4,0,2,0,2,1,"Full","Full"
"823",823,823,1,1,7,0,0,0,20,1,NA,4,0,0,1,3,3,"Control","Control"
"824",824,824,3,1,10,0,1,0,55,1,3,1,0,1,1,NA,1,"Switch","Switch"
"825",825,825,2,3,NA,1,0,0,42,1,8,3,0,1,0,6,1,"Platform","Platform"
"826",826,826,3,1,NA,0,1,0,43,1,9,4,0,1,0,6,1,"Switch","Switch"
"827",827,827,2,3,NA,1,0,0,56,1,5,2,0,1,0,10,1,"Platform","Platform"
"828",828,828,2,1,6,1,0,0,53,1,5,2,0,1,1,3,1,"Platform","Platform"
"829",829,829,4,1,NA,0,0,1,60,1,NA,2,0,1,0,NA,5,"Full","Full"
"830",830,830,3,2,NA,0,1,0,46,1,5,2,0,0,0,NA,1,"Switch","Switch"
"831",831,831,4,1,NA,0,0,1,33,1,6,1,0,0,0,NA,3,"Full","Full"
"832",832,832,1,1,NA,0,0,0,34,0,5,2,0,1,0,6,1,"Control","Control"
"833",833,833,2,2,7,1,0,0,36,0,3,2,0,0,1,7,4,"Platform","Platform"
"834",834,834,3,2,NA,0,1,0,58,1,5,2,0,1,0,NA,1,"Switch","Switch"
"835",835,835,4,1,4,0,0,1,34,0,6,2,0,1,1,NA,3,"Full","Full"
"836",836,836,3,3,NA,0,1,0,24,1,5,2,0,2,0,8,2,"Switch","Switch"
"837",837,837,2,2,NA,1,0,0,38,0,NA,2,0,0,0,NA,1,"Platform","Platform"
"838",838,838,3,2,NA,0,1,0,42,1,4,2,0,0,0,NA,2,"Switch","Switch"
"839",839,839,4,2,NA,0,0,1,24,1,5,1,0,0,0,NA,1,"Full","Full"
"840",840,840,1,3,NA,0,0,0,77,1,NA,2,0,2,0,4,1,"Control","Control"
"841",841,841,2,3,9,1,0,0,54,1,3,2,0,1,1,NA,1,"Platform","Platform"
"842",842,842,3,2,10,0,1,0,65,1,NA,2,0,1,1,7,2,"Switch","Switch"
"843",843,843,4,1,NA,0,0,1,55,1,NA,4,0,1,0,NA,1,"Full","Full"
"844",844,844,1,1,NA,0,0,0,75,1,4,2,0,2,0,7,1,"Control","Control"
"845",845,845,2,3,10,1,0,0,58,0,6,2,0,2,1,9,2,"Platform","Platform"
"846",846,846,3,3,NA,0,1,0,46,0,NA,2,0,1,0,4,1,"Switch","Switch"
"847",847,847,4,1,NA,0,0,1,50,0,NA,2,0,2,0,NA,1,"Full","Full"
"848",848,848,1,1,9,0,0,0,63,1,2,2,0,0,1,4,1,"Control","Control"
"849",849,849,2,1,NA,1,0,0,28,1,8,4,0,1,0,NA,5,"Platform","Platform"
"850",850,850,3,1,8,0,1,0,60,0,7,2,0,0,1,6,2,"Switch","Switch"
"851",851,851,3,1,NA,0,1,0,25,1,NA,3,0,1,0,NA,1,"Switch","Switch"
"852",852,852,4,1,NA,0,0,1,49,1,3,2,0,0,0,NA,1,"Full","Full"
"853",853,853,1,2,NA,0,0,0,47,0,6,3,0,0,0,7,1,"Control","Control"
"854",854,854,4,2,6,0,0,1,46,0,4,2,0,1,1,NA,1,"Full","Full"
"855",855,855,4,1,NA,0,0,1,109,1,3,2,0,0,0,1,1,"Full","Full"
"856",856,856,1,1,NA,0,0,0,49,0,4,2,0,2,0,6,1,"Control","Control"
"857",857,857,2,2,9,1,0,0,33,1,4,2,0,1,1,9,2,"Platform","Platform"
"858",858,858,2,1,NA,1,0,0,20,1,5,3,0,1,0,8,1,"Platform","Platform"
"859",859,859,3,1,NA,0,1,0,52,1,3,1,0,1,0,NA,1,"Switch","Switch"
"860",860,860,3,3,3,0,1,0,18,1,NA,2,0,0,1,6,NA,"Switch","Switch"
"861",861,861,4,3,8,0,0,1,36,0,8,4,0,2,1,4,4,"Full","Full"
"862",862,862,1,1,6,0,0,0,30,1,3,3,0,0,1,9,2,"Control","Control"
"863",863,863,2,3,NA,1,0,0,35,1,3,3,0,1,0,NA,3,"Platform","Platform"
"864",864,864,3,2,NA,0,1,0,49,0,3,2,0,1,0,NA,2,"Switch","Switch"
"865",865,865,4,1,NA,0,0,1,20,1,5,3,0,1,0,NA,1,"Full","Full"
"866",866,866,1,1,8,0,0,0,52,0,2,1,0,0,1,NA,4,"Control","Control"
"867",867,867,2,2,7,1,0,0,67,1,NA,3,0,1,1,NA,1,"Platform","Platform"
"868",868,868,3,1,NA,0,1,0,26,0,5,3,0,2,0,4,2,"Switch","Switch"
"869",869,869,4,1,NA,0,0,1,19,1,4,3,0,1,0,5,5,"Full","Full"
"870",870,870,1,1,9,0,0,0,60,1,3,1,0,1,1,10,1,"Control","Control"
"871",871,871,4,2,NA,0,0,1,39,1,7,2,0,0,0,7,2,"Full","Full"
"872",872,872,4,1,NA,0,0,1,80,0,10,4,0,2,0,10,3,"Full","Full"
"873",873,873,3,2,6,0,1,0,60,1,5,4,0,2,1,6,1,"Switch","Switch"
"874",874,874,1,3,10,0,0,0,41,0,6,2,0,2,1,5,3,"Control","Control"
"875",875,875,4,1,NA,0,0,1,70,1,3,1,0,1,0,NA,2,"Full","Full"
"876",876,876,3,2,NA,0,1,0,56,1,4,2,0,0,0,0,1,"Switch","Switch"
"877",877,877,2,2,10,1,0,0,69,1,4,1,0,2,1,NA,1,"Platform","Platform"
"878",878,878,1,1,NA,0,0,0,70,0,4,1,0,0,0,2,1,"Control","Control"
"879",879,879,2,2,NA,1,0,0,30,0,6,3,0,1,0,NA,1,"Platform","Platform"
"880",880,880,3,3,NA,0,1,0,50,1,4,3,0,0,0,NA,1,"Switch","Switch"
"881",881,881,4,2,7,0,0,1,31,0,NA,4,0,1,1,0,2,"Full","Full"
"882",882,882,1,2,NA,0,0,0,49,0,NA,3,0,1,0,8,1,"Control","Control"
"883",883,883,2,1,NA,1,0,0,63,1,NA,1,0,0,0,NA,NA,"Platform","Platform"
"884",884,884,3,3,NA,0,1,0,40,1,2,2,0,0,0,4,1,"Switch","Switch"
"885",885,885,4,1,NA,0,0,1,22,1,3,2,0,0,0,NA,1,"Full","Full"
"886",886,886,1,2,NA,0,0,0,19,0,NA,3,0,1,0,4,4,"Control","Control"
"887",887,887,2,3,8,1,0,0,28,1,NA,2,0,0,1,NA,1,"Platform","Platform"
"888",888,888,3,1,NA,0,1,0,20,0,4,2,0,0,0,7,1,"Switch","Switch"
"889",889,889,4,2,NA,0,0,1,25,0,NA,2,0,1,0,4,1,"Full","Full"
"890",890,890,1,2,10,0,0,0,69,0,3,1,0,0,1,NA,1,"Control","Control"
"891",891,891,1,2,9,0,0,0,71,1,5,1,0,0,1,10,1,"Control","Control"
"892",892,892,3,1,8,0,1,0,75,0,2,1,0,2,1,NA,1,"Switch","Switch"
"893",893,893,1,1,9,0,0,0,39,1,6,3,0,1,1,5,2,"Control","Control"
"894",894,894,2,2,NA,1,0,0,36,1,5,2,0,1,0,5,1,"Platform","Platform"
"895",895,895,2,2,8,1,0,0,60,1,NA,2,0,1,1,NA,4,"Platform","Platform"
"896",896,896,4,1,9,0,0,1,46,1,5,4,0,1,1,5,2,"Full","Full"
"897",897,897,2,2,9,1,0,0,38,1,10,3,0,1,1,NA,2,"Platform","Platform"
"898",898,898,3,1,NA,0,1,0,29,1,3,2,0,0,0,NA,1,"Switch","Switch"
"899",899,899,4,1,NA,0,0,1,35,1,5,NA,0,1,0,NA,1,"Full","Full"
"900",900,900,1,3,5,0,0,0,36,0,3,2,0,1,1,9,1,"Control","Control"
"901",901,901,1,2,NA,0,0,0,31,1,NA,3,0,1,0,NA,3,"Control","Control"
"902",902,902,4,1,NA,0,0,1,47,0,3,2,0,2,0,0,5,"Full","Full"
"903",903,903,2,2,8,1,0,0,19,0,6,2,0,0,1,5,5,"Platform","Platform"
"904",904,904,2,3,10,1,0,0,51,1,NA,1,0,0,1,NA,1,"Platform","Platform"
"905",905,905,2,3,NA,1,0,0,26,1,NA,4,0,1,0,8,1,"Platform","Platform"
"906",906,906,3,2,NA,0,1,0,31,1,2,2,0,0,0,NA,1,"Switch","Switch"
"907",907,907,1,1,NA,0,0,0,30,1,NA,4,0,1,0,NA,5,"Control","Control"
"908",908,908,4,1,7,0,0,1,67,1,2,2,0,1,1,3,1,"Full","Full"
"909",909,909,3,2,NA,0,1,0,51,1,5,1,0,1,0,NA,1,"Switch","Switch"
"910",910,910,1,3,6,0,0,0,56,0,4,2,0,0,1,6,1,"Control","Control"
"911",911,911,2,2,NA,1,0,0,46,1,5,3,0,1,0,5,1,"Platform","Platform"
"912",912,912,4,2,9,0,0,1,83,0,NA,2,0,2,1,7,1,"Full","Full"
"913",913,913,3,2,NA,0,1,0,53,1,9,3,0,0,0,3,1,"Switch","Switch"
"914",914,914,1,2,8,0,0,0,24,0,NA,3,0,1,1,6,1,"Control","Control"
"915",915,915,2,1,NA,1,0,0,58,1,5,3,0,1,0,7,1,"Platform","Platform"
"916",916,916,3,3,NA,0,1,0,38,0,4,3,0,1,0,3,1,"Switch","Switch"
"917",917,917,3,3,7,0,1,0,77,1,NA,3,0,2,1,8,1,"Switch","Switch"
"918",918,918,4,3,NA,0,0,1,40,1,NA,3,0,1,0,NA,1,"Full","Full"
"919",919,919,4,3,NA,0,0,1,49,0,4,3,0,1,0,NA,1,"Full","Full"
"920",920,920,1,3,NA,0,0,0,27,1,4,3,0,0,0,2,3,"Control","Control"
"921",921,921,1,1,NA,0,0,0,27,1,3,2,0,0,0,NA,4,"Control","Control"
"922",922,922,4,2,8,0,0,1,31,1,5,4,0,1,1,NA,1,"Full","Full"
"923",923,923,2,3,NA,1,0,0,24,1,5,3,0,1,0,7,1,"Platform","Platform"
"924",924,924,2,1,7,1,0,0,39,0,NA,1,0,0,1,8,1,"Platform","Platform"
"925",925,925,1,2,NA,0,0,0,26,1,4,3,0,0,0,8,NA,"Control","Control"
"926",926,926,3,3,4,0,1,0,22,0,5,2,0,0,1,3,4,"Switch","Switch"
"927",927,927,3,1,NA,0,1,0,30,1,4,2,0,1,0,NA,1,"Switch","Switch"
"928",928,928,2,2,6,1,0,0,23,1,3,3,0,1,1,3,1,"Platform","Platform"
"929",929,929,4,1,NA,0,0,1,77,0,3,2,0,2,0,5,3,"Full","Full"
"930",930,930,2,2,9,1,0,0,56,0,NA,3,0,0,1,2,2,"Platform","Platform"
"931",931,931,1,1,10,0,0,0,33,1,10,4,0,1,1,2,2,"Control","Control"
"932",932,932,2,1,NA,1,0,0,34,0,7,3,0,2,0,0,1,"Platform","Platform"
"933",933,933,1,1,NA,0,0,0,32,0,NA,4,0,2,0,0,1,"Control","Control"
"934",934,934,3,2,NA,0,1,0,18,1,5,2,0,1,0,4,1,"Switch","Switch"
"935",935,935,4,3,NA,0,0,1,47,1,5,3,0,1,0,4,1,"Full","Full"
"936",936,936,3,1,5,0,1,0,74,1,6,2,0,1,1,NA,5,"Switch","Switch"
"937",937,937,2,3,10,1,0,0,39,1,5,4,0,1,1,NA,3,"Platform","Platform"
"938",938,938,4,3,NA,0,0,1,73,1,5,2,0,2,0,3,2,"Full","Full"
"939",939,939,1,1,NA,0,0,0,34,1,7,4,0,1,0,NA,2,"Control","Control"
"940",940,940,3,1,7,0,1,0,49,0,4,2,0,0,1,10,1,"Switch","Switch"
"941",941,941,4,3,NA,0,0,1,35,1,2,2,0,0,0,10,1,"Full","Full"
"942",942,942,1,1,8,0,0,0,65,1,NA,2,0,0,1,NA,NA,"Control","Control"
"943",943,943,1,1,7,0,0,0,23,1,6,3,0,0,1,5,1,"Control","Control"
"944",944,944,2,1,10,1,0,0,57,1,6,2,0,0,1,8,3,"Platform","Platform"
"945",945,945,3,3,NA,0,1,0,23,1,10,3,0,0,0,5,3,"Switch","Switch"
"946",946,946,3,2,NA,0,1,0,32,1,3,2,0,0,0,8,1,"Switch","Switch"
"947",947,947,1,1,10,0,0,0,48,1,NA,2,0,0,1,10,NA,"Control","Control"
"948",948,948,4,2,NA,0,0,1,50,0,NA,2,0,1,0,NA,1,"Full","Full"
"949",949,949,4,3,9,0,0,1,54,0,7,2,0,2,1,3,3,"Full","Full"
"950",950,950,2,1,NA,1,0,0,29,0,5,3,0,1,0,NA,2,"Platform","Platform"
"951",951,951,4,1,5,0,0,1,50,0,7,2,0,1,1,NA,1,"Full","Full"
"952",952,952,1,1,NA,0,0,0,53,0,NA,3,0,2,0,8,1,"Control","Control"
"953",953,953,1,2,9,0,0,0,37,0,3,3,0,1,1,3,3,"Control","Control"
"954",954,954,3,3,NA,0,1,0,21,0,NA,3,0,2,0,6,1,"Switch","Switch"
"955",955,955,2,1,NA,1,0,0,63,1,5,1,0,1,0,0,1,"Platform","Platform"
"956",956,956,2,1,NA,1,0,0,62,1,NA,2,0,0,0,8,1,"Platform","Platform"
"957",957,957,3,2,NA,0,1,0,45,1,4,2,0,2,0,NA,2,"Switch","Switch"
"958",958,958,4,1,8,0,0,1,52,1,NA,3,0,1,1,7,2,"Full","Full"
"959",959,959,1,1,NA,0,0,0,27,0,10,4,0,2,0,4,1,"Control","Control"
"960",960,960,3,1,NA,0,1,0,19,0,5,3,0,1,0,4,4,"Switch","Switch"
"961",961,961,4,2,NA,0,0,1,18,1,2,2,0,0,0,3,2,"Full","Full"
"962",962,962,1,2,0,0,0,0,27,1,4,3,0,1,1,9,1,"Control","Control"
"963",963,963,2,3,10,1,0,0,54,0,5,2,0,0,1,10,1,"Platform","Platform"
"964",964,964,3,2,NA,0,1,0,31,1,7,4,0,1,0,NA,1,"Switch","Switch"
"965",965,965,4,1,10,0,0,1,37,1,2,2,0,0,1,NA,2,"Full","Full"
"966",966,966,1,2,NA,0,0,0,59,0,5,3,0,1,0,NA,1,"Control","Control"
"967",967,967,2,2,NA,1,0,0,NA,1,4,2,0,0,0,8,3,"Platform","Platform"
"968",968,968,3,3,NA,0,1,0,52,0,7,2,0,1,0,NA,2,"Switch","Switch"
"969",969,969,4,3,7,0,0,1,74,1,3,2,0,1,1,NA,1,"Full","Full"
"970",970,970,3,2,NA,0,1,0,62,0,NA,1,0,2,0,NA,2,"Switch","Switch"
"971",971,971,4,3,5,0,0,1,43,1,5,4,0,1,1,2,1,"Full","Full"
"972",972,972,1,2,NA,0,0,0,51,1,5,3,0,0,0,NA,3,"Control","Control"
"973",973,973,2,3,NA,1,0,0,48,1,NA,4,0,1,0,3,5,"Platform","Platform"
"974",974,974,3,2,NA,0,1,0,56,1,5,3,0,1,0,NA,2,"Switch","Switch"
"975",975,975,4,3,NA,0,0,1,31,1,NA,4,0,2,0,NA,2,"Full","Full"
"976",976,976,1,2,NA,0,0,0,42,1,NA,3,0,1,0,NA,1,"Control","Control"
"977",977,977,2,1,NA,1,0,0,34,1,2,2,0,0,0,NA,1,"Platform","Platform"
"978",978,978,3,2,NA,0,1,0,41,1,NA,2,0,1,0,4,1,"Switch","Switch"
"979",979,979,4,3,NA,0,0,1,68,0,3,1,0,1,0,NA,1,"Full","Full"
"980",980,980,3,2,NA,0,1,0,47,0,NA,1,0,1,0,NA,1,"Switch","Switch"
"981",981,981,4,3,NA,0,0,1,70,0,3,1,0,1,0,NA,1,"Full","Full"
"982",982,982,1,3,8,0,0,0,66,1,4,1,0,1,1,NA,1,"Control","Control"
"983",983,983,2,2,NA,1,0,0,69,0,NA,2,0,2,0,NA,1,"Platform","Platform"
"984",984,984,3,1,7,0,1,0,79,0,4,1,0,2,1,NA,1,"Switch","Switch"
"985",985,985,4,3,NA,0,0,1,67,1,3,1,0,1,0,NA,1,"Full","Full"
"986",986,986,1,3,NA,0,0,0,58,1,NA,2,0,0,0,NA,1,"Control","Control"
"987",987,987,2,3,NA,1,0,0,44,0,NA,1,0,0,0,NA,1,"Platform","Platform"
"988",988,988,3,3,NA,0,1,0,49,0,NA,3,0,1,0,7,2,"Switch","Switch"
"989",989,989,4,1,NA,0,0,1,43,0,NA,3,0,1,0,NA,1,"Full","Full"
"990",990,990,1,1,NA,0,0,0,44,0,5,3,0,1,0,3,1,"Control","Control"
"991",991,991,2,1,NA,1,0,0,30,0,10,3,0,1,0,7,4,"Platform","Platform"
"992",992,992,3,1,NA,0,1,0,27,1,NA,NA,0,1,0,5,1,"Switch","Switch"
"993",993,993,4,2,NA,0,0,1,49,1,NA,4,0,1,0,6,1,"Full","Full"
"994",994,994,1,1,NA,0,0,0,43,0,6,3,0,1,0,3,1,"Control","Control"
"995",995,995,2,2,8,1,0,0,44,0,9,3,0,1,1,8,1,"Platform","Platform"
"996",996,996,4,3,NA,0,0,1,24,1,NA,3,0,1,0,NA,1,"Full","Full"
"997",997,997,2,1,NA,1,0,0,60,1,NA,4,0,1,0,5,2,"Platform","Platform"
"998",998,998,1,2,NA,0,0,0,63,1,NA,2,0,1,NA,NA,NA,"Control","Control"
"999",999,999,4,1,1,0,0,1,33,1,5,3,0,1,1,NA,1,"Full","Full"
"1000",1000,1000,1,2,NA,0,0,0,70,1,5,3,0,2,0,NA,5,"Control","Control"
"1001",1001,1001,2,3,9,1,0,0,39,1,4,4,0,1,1,9,5,"Platform","Platform"
"1002",1002,1002,3,2,7,0,1,0,41,0,6,3,0,2,1,2,1,"Switch","Switch"
"1003",1003,1003,4,1,NA,0,0,1,50,0,5,2,0,1,0,3,1,"Full","Full"
"1004",1004,1004,1,1,NA,0,0,0,31,1,6,3,0,0,0,NA,1,"Control","Control"
"1005",1005,1005,2,1,NA,1,0,0,61,1,3,2,0,0,0,NA,1,"Platform","Platform"
"1006",1006,1006,3,1,NA,0,1,0,NA,0,4,2,0,0,0,NA,1,"Switch","Switch"
"1007",1007,1007,4,3,NA,0,0,1,71,1,4,2,0,1,0,NA,1,"Full","Full"
"1008",1008,1008,1,3,NA,0,0,0,29,1,5,2,0,0,0,2,2,"Control","Control"
"1009",1009,1009,2,1,NA,1,0,0,49,1,5,2,0,0,1,NA,2,"Platform","Platform"
"1010",1010,1010,1,1,5,0,0,0,30,1,5,3,0,1,1,2,3,"Control","Control"
"1011",1011,1011,1,2,6,0,0,0,72,1,NA,2,0,2,1,4,1,"Control","Control"
"1012",1012,1012,3,1,NA,0,1,0,24,1,4,3,0,0,0,5,4,"Switch","Switch"
"1013",1013,1013,4,2,NA,0,0,1,70,1,4,2,0,2,0,5,1,"Full","Full"
"1014",1014,1014,2,3,NA,1,0,0,54,1,NA,3,0,1,0,5,2,"Platform","Platform"
"1015",1015,1015,3,1,7,0,1,0,21,0,9,3,0,2,1,7,2,"Switch","Switch"
"1016",1016,1016,1,1,4,0,0,0,34,0,4,2,0,2,1,2,1,"Control","Control"
"1017",1017,1017,4,2,NA,0,0,1,59,1,NA,2,0,2,0,6,1,"Full","Full"
"1018",1018,1018,3,1,9,0,1,0,54,0,3,2,0,2,1,4,4,"Switch","Switch"
"1019",1019,1019,2,1,NA,1,0,0,60,1,NA,2,0,0,1,NA,5,"Platform","Platform"
"1020",1020,1020,3,2,NA,0,1,0,61,0,NA,3,0,2,0,7,1,"Switch","Switch"
"1021",1021,1021,4,3,NA,0,0,1,77,0,5,3,0,2,0,NA,2,"Full","Full"
"1022",1022,1022,1,2,NA,0,0,0,55,1,4,4,0,1,0,2,2,"Control","Control"
"1023",1023,1023,2,3,9,1,0,0,59,1,NA,3,0,0,1,NA,4,"Platform","Platform"
"1024",1024,1024,3,2,7,0,1,0,73,1,8,4,0,2,1,1,4,"Switch","Switch"
"1025",1025,1025,4,2,NA,0,0,1,74,1,9,2,0,1,0,5,1,"Full","Full"
"1026",1026,1026,1,2,8,0,0,0,24,1,10,4,0,1,1,7,5,"Control","Control"
"1027",1027,1027,2,2,7,1,0,0,31,1,5,4,0,0,1,NA,1,"Platform","Platform"
"1028",1028,1028,3,2,NA,0,1,0,39,1,5,4,0,2,0,NA,2,"Switch","Switch"
"1029",1029,1029,4,1,7,0,0,1,NA,1,NA,2,0,1,1,1,4,"Full","Full"
"1030",1030,1030,3,1,7,0,1,0,39,0,NA,4,0,2,1,NA,2,"Switch","Switch"
"1031",1031,1031,1,1,NA,0,0,0,66,0,5,3,0,1,0,8,1,"Control","Control"
"1032",1032,1032,2,1,NA,1,0,0,60,0,5,2,0,1,0,3,1,"Platform","Platform"
"1033",1033,1033,4,1,NA,0,0,1,69,1,5,4,0,1,0,NA,1,"Full","Full"
"1034",1034,1034,3,2,NA,0,1,0,48,0,7,3,0,1,0,NA,1,"Switch","Switch"
"1035",1035,1035,2,3,8,1,0,0,29,0,NA,3,0,1,1,9,3,"Platform","Platform"
"1036",1036,1036,3,1,NA,0,1,0,44,1,7,4,0,1,0,NA,1,"Switch","Switch"
"1037",1037,1037,4,1,NA,0,0,1,25,0,7,4,0,2,0,10,1,"Full","Full"
"1038",1038,1038,1,1,10,0,0,0,25,1,4,4,0,1,1,3,3,"Control","Control"
"1039",1039,1039,1,1,8,0,0,0,55,1,7,3,0,2,1,5,1,"Control","Control"
"1040",1040,1040,3,2,NA,0,1,0,41,0,6,4,0,0,0,5,1,"Switch","Switch"
"1041",1041,1041,4,2,NA,0,0,1,21,1,NA,3,0,0,0,NA,4,"Full","Full"
"1042",1042,1042,1,1,NA,0,0,0,53,1,5,3,0,2,0,NA,1,"Control","Control"
"1043",1043,1043,2,2,NA,1,0,0,24,1,NA,3,0,1,0,2,4,"Platform","Platform"
"1044",1044,1044,3,3,NA,0,1,0,27,1,NA,3,0,1,0,NA,1,"Switch","Switch"
"1045",1045,1045,4,2,8,0,0,1,26,0,NA,3,0,1,1,NA,1,"Full","Full"
"1046",1046,1046,1,3,NA,0,0,0,NA,1,NA,3,0,1,0,NA,1,"Control","Control"
"1047",1047,1047,2,2,NA,1,0,0,33,1,4,3,0,1,0,7,3,"Platform","Platform"
"1048",1048,1048,3,1,NA,0,1,0,21,0,NA,3,0,1,0,NA,NA,"Switch","Switch"
"1049",1049,1049,4,2,NA,0,0,1,22,1,NA,3,0,2,0,4,2,"Full","Full"
"1050",1050,1050,1,1,NA,0,0,0,38,1,8,3,0,1,0,6,1,"Control","Control"
"1051",1051,1051,2,1,7,1,0,0,46,1,9,4,0,2,1,6,2,"Platform","Platform"
"1052",1052,1052,3,2,NA,0,1,0,20,0,5,3,0,2,0,3,5,"Switch","Switch"
"1053",1053,1053,4,1,NA,0,0,1,20,0,8,3,0,2,0,6,1,"Full","Full"
"1054",1054,1054,3,2,NA,0,1,0,42,1,2,3,0,1,0,6,1,"Switch","Switch"
"1055",1055,1055,1,1,NA,0,0,0,20,0,7,3,0,1,0,6,2,"Control","Control"
"1056",1056,1056,2,1,NA,1,0,0,52,0,6,3,0,2,0,3,1,"Platform","Platform"
"1057",1057,1057,4,1,NA,0,0,1,25,1,6,4,0,2,0,NA,4,"Full","Full"
"1058",1058,1058,1,1,NA,0,0,0,28,0,NA,4,0,2,0,NA,1,"Control","Control"
"1059",1059,1059,2,2,NA,1,0,0,35,1,8,3,0,2,0,6,1,"Platform","Platform"
"1060",1060,1060,3,3,8,0,1,0,76,1,5,3,0,1,1,6,2,"Switch","Switch"
"1061",1061,1061,4,3,5,0,0,1,69,1,7,2,0,0,1,8,1,"Full","Full"
"1062",1062,1062,1,1,NA,0,0,0,70,0,NA,3,0,1,0,NA,1,"Control","Control"
"1063",1063,1063,2,2,NA,1,0,0,48,0,6,2,0,1,0,7,2,"Platform","Platform"
"1064",1064,1064,3,1,NA,0,1,0,53,0,4,2,0,1,0,4,1,"Switch","Switch"
"1065",1065,1065,4,3,NA,0,0,1,47,0,NA,4,0,2,0,5,1,"Full","Full"
"1066",1066,1066,1,3,5,0,0,0,45,1,6,3,0,1,1,6,2,"Control","Control"
"1067",1067,1067,2,2,NA,1,0,0,18,1,1,3,0,2,1,NA,1,"Platform","Platform"
"1068",1068,1068,3,3,NA,0,1,0,24,1,6,3,0,0,0,6,3,"Switch","Switch"
"1069",1069,1069,4,1,NA,0,0,1,30,0,5,3,0,1,0,NA,2,"Full","Full"
"1070",1070,1070,3,1,NA,0,1,0,56,0,9,3,0,1,0,3,5,"Switch","Switch"
"1071",1071,1071,4,1,6,0,0,1,25,0,4,3,0,2,1,5,2,"Full","Full"
"1072",1072,1072,1,1,NA,0,0,0,41,0,NA,3,0,2,0,NA,1,"Control","Control"
"1073",1073,1073,2,1,NA,1,0,0,51,1,5,2,0,1,0,NA,1,"Platform","Platform"
"1074",1074,1074,3,2,8,0,1,0,60,1,4,2,0,1,1,NA,4,"Switch","Switch"
"1075",1075,1075,4,1,NA,0,0,1,27,0,6,3,0,1,0,4,1,"Full","Full"
"1076",1076,1076,1,2,NA,0,0,0,40,1,8,3,0,1,0,4,3,"Control","Control"
"1077",1077,1077,2,1,NA,1,0,0,32,1,4,3,0,1,0,NA,2,"Platform","Platform"
"1078",1078,1078,4,2,6,0,0,1,67,1,NA,2,0,1,1,NA,2,"Full","Full"
"1079",1079,1079,3,1,5,0,1,0,22,1,9,3,0,2,1,NA,2,"Switch","Switch"
"1080",1080,1080,3,2,NA,0,1,0,35,0,5,4,0,2,0,1,1,"Switch","Switch"
"1081",1081,1081,4,2,NA,0,0,1,44,0,9,4,0,2,0,3,2,"Full","Full"
"1082",1082,1082,1,2,5,0,0,0,42,1,7,4,0,2,1,5,1,"Control","Control"
"1083",1083,1083,2,1,5,1,0,0,46,0,NA,3,0,2,1,5,1,"Platform","Platform"
"1084",1084,1084,3,2,NA,0,1,0,32,1,NA,4,0,2,0,0,1,"Switch","Switch"
"1085",1085,1085,4,1,NA,0,0,1,30,0,5,3,0,1,NA,1,1,"Full","Full"
"1086",1086,1086,1,3,8,0,0,0,40,1,10,4,0,2,1,3,1,"Control","Control"
"1087",1087,1087,3,3,5,0,1,0,43,1,5,4,0,2,1,5,1,"Switch","Switch"
"1088",1088,1088,2,3,NA,1,0,0,35,0,1,NA,0,1,0,2,1,"Platform","Platform"
"1089",1089,1089,4,1,NA,0,0,1,43,0,5,3,0,2,0,4,1,"Full","Full"
"1090",1090,1090,1,2,8,0,0,0,31,0,NA,3,0,2,1,NA,2,"Control","Control"
"1091",1091,1091,2,2,8,1,0,0,31,0,5,4,0,1,1,NA,2,"Platform","Platform"
"1092",1092,1092,3,3,3,0,1,0,46,1,NA,1,0,1,1,NA,1,"Switch","Switch"
"1093",1093,1093,4,2,NA,0,0,1,66,0,3,2,0,1,NA,NA,1,"Full","Full"
"1094",1094,1094,1,2,NA,0,0,0,36,0,NA,3,0,1,0,NA,1,"Control","Control"
"1095",1095,1095,2,1,NA,1,0,0,52,1,NA,1,0,1,0,NA,2,"Platform","Platform"
"1096",1096,1096,3,2,NA,0,1,0,30,1,5,2,0,1,0,NA,1,"Switch","Switch"
"1097",1097,1097,4,3,8,0,0,1,52,0,3,2,0,1,1,NA,2,"Full","Full"
"1098",1098,1098,2,1,NA,1,0,0,55,0,8,2,0,2,0,NA,1,"Platform","Platform"
"1099",1099,1099,1,2,NA,0,0,0,45,1,NA,2,0,0,0,NA,1,"Control","Control"
"1100",1100,1100,3,3,5,0,1,0,74,0,NA,2,0,2,1,9,2,"Switch","Switch"
"1101",1101,1101,4,1,5,0,0,1,26,1,7,3,0,2,1,NA,3,"Full","Full"
"1102",1102,1102,1,1,NA,0,0,0,69,1,5,2,0,1,0,4,5,"Control","Control"
"1103",1103,1103,2,2,NA,1,0,0,65,0,NA,2,0,2,0,10,4,"Platform","Platform"
"1104",1104,1104,3,3,5,0,1,0,79,0,5,3,0,1,1,8,1,"Switch","Switch"
"1105",1105,1105,4,3,NA,0,0,1,29,0,7,3,0,1,0,5,3,"Full","Full"
"1106",1106,1106,1,1,4,0,0,0,47,1,5,2,0,1,1,NA,5,"Control","Control"
"1107",1107,1107,2,3,4,1,0,0,63,0,4,2,0,1,1,NA,1,"Platform","Platform"
"1108",1108,1108,3,3,5,0,1,0,80,0,2,1,0,2,1,6,5,"Switch","Switch"
"1109",1109,1109,4,2,NA,0,0,1,19,0,5,2,0,0,0,10,1,"Full","Full"
"1110",1110,1110,2,2,NA,1,0,0,20,1,6,2,0,0,0,10,1,"Platform","Platform"
"1111",1111,1111,2,2,NA,1,0,0,35,1,7,3,0,0,NA,NA,NA,"Platform","Platform"
"1112",1112,1112,3,2,NA,0,1,0,21,0,5,3,0,0,0,7,NA,"Switch","Switch"
"1113",1113,1113,3,2,NA,0,1,0,23,0,5,3,0,1,0,7,1,"Switch","Switch"
"1114",1114,1114,4,2,NA,0,0,1,49,0,5,2,0,1,0,NA,1,"Full","Full"
"1115",1115,1115,4,1,0,0,0,1,22,0,7,3,0,2,1,6,1,"Full","Full"
"1116",1116,1116,1,2,8,0,0,0,37,1,4,4,0,2,1,NA,1,"Control","Control"
"1117",1117,1117,2,2,5,1,0,0,56,1,5,2,0,0,1,3,NA,"Platform","Platform"
"1118",1118,1118,3,2,NA,0,1,0,43,1,6,3,0,2,0,2,1,"Switch","Switch"
"1119",1119,1119,4,1,0,0,0,1,56,1,5,2,0,1,NA,3,1,"Full","Full"
"1120",1120,1120,3,2,NA,0,1,0,40,1,7,4,0,2,0,8,5,"Switch","Switch"
"1121",1121,1121,4,1,NA,0,0,1,52,1,3,2,0,0,NA,2,1,"Full","Full"
"1122",1122,1122,1,2,7,0,0,0,43,0,6,3,0,2,1,5,5,"Control","Control"
"1123",1123,1123,2,1,NA,1,0,0,33,1,3,2,0,0,0,NA,5,"Platform","Platform"
"1124",1124,1124,3,3,4,0,1,0,25,0,NA,3,0,1,1,NA,5,"Switch","Switch"
"1125",1125,1125,4,1,NA,0,0,1,57,0,NA,2,0,1,0,5,5,"Full","Full"
"1126",1126,1126,1,1,NA,0,0,0,19,0,NA,2,0,0,0,NA,5,"Control","Control"
"1127",1127,1127,2,2,NA,1,0,0,37,0,3,2,0,1,0,8,5,"Platform","Platform"
"1128",1128,1128,3,2,NA,0,1,0,18,0,3,3,0,1,0,4,3,"Switch","Switch"
"1129",1129,1129,4,1,10,0,0,1,19,1,NA,3,0,1,1,10,2,"Full","Full"
"1130",1130,1130,4,3,NA,0,0,1,24,1,5,2,0,1,0,6,2,"Full","Full"
"1131",1131,1131,1,2,NA,0,0,0,21,1,NA,3,0,1,NA,0,3,"Control","Control"
"1132",1132,1132,1,1,NA,0,0,0,57,0,8,3,0,2,0,5,1,"Control","Control"
"1133",1133,1133,4,1,NA,0,0,1,19,0,5,2,0,0,0,4,1,"Full","Full"
"1134",1134,1134,3,2,NA,0,1,0,42,1,9,2,0,1,0,7,2,"Switch","Switch"
"1135",1135,1135,2,3,NA,1,0,0,35,1,NA,4,0,1,0,NA,1,"Platform","Platform"
"1136",1136,1136,1,1,NA,0,0,0,25,1,3,2,0,0,0,4,2,"Control","Control"
"1137",1137,1137,2,2,10,1,0,0,51,1,5,4,0,1,1,10,5,"Platform","Platform"
"1138",1138,1138,3,3,6,0,1,0,48,1,NA,4,0,1,1,5,2,"Switch","Switch"
"1139",1139,1139,2,2,NA,1,0,0,44,1,5,1,0,0,1,5,2,"Platform","Platform"
"1140",1140,1140,3,3,NA,0,1,0,23,1,3,3,0,0,0,10,1,"Switch","Switch"
"1141",1141,1141,4,2,NA,0,0,1,30,0,5,2,0,1,0,NA,NA,"Full","Full"
"1142",1142,1142,1,1,NA,0,0,0,53,0,3,1,0,1,0,5,5,"Control","Control"
"1143",1143,1143,2,2,6,1,0,0,18,1,NA,2,0,0,1,NA,1,"Platform","Platform"
"1144",1144,1144,3,2,NA,0,1,0,38,1,3,3,0,1,0,NA,1,"Switch","Switch"
"1145",1145,1145,2,1,10,1,0,0,32,1,3,3,0,0,1,8,4,"Platform","Platform"
"1146",1146,1146,1,2,NA,0,0,0,36,1,3,1,0,0,0,7,5,"Control","Control"
"1147",1147,1147,2,3,NA,1,0,0,54,1,3,1,0,2,0,10,3,"Platform","Platform"
"1148",1148,1148,1,2,10,0,0,0,47,1,2,1,0,1,1,9,1,"Control","Control"
"1149",1149,1149,4,2,6,0,0,1,67,0,3,1,0,0,1,NA,1,"Full","Full"
"1150",1150,1150,4,3,10,0,0,1,41,1,NA,1,0,1,1,10,1,"Full","Full"
"1151",1151,1151,1,1,NA,0,0,0,25,1,4,1,0,0,0,6,4,"Control","Control"
"1152",1152,1152,1,1,NA,0,0,0,67,0,3,2,0,1,0,6,1,"Control","Control"
"1153",1153,1153,4,1,8,0,0,1,18,1,6,2,0,1,1,7,2,"Full","Full"
"1154",1154,1154,3,2,NA,0,1,0,29,1,3,2,0,0,0,NA,NA,"Switch","Switch"
"1155",1155,1155,2,3,10,1,0,0,56,1,NA,2,0,1,1,10,1,"Platform","Platform"
"1156",1156,1156,2,3,10,1,0,0,70,1,5,2,0,0,1,9,1,"Platform","Platform"
"1157",1157,1157,1,1,7,0,0,0,65,1,3,2,0,1,1,NA,1,"Control","Control"
"1158",1158,1158,3,1,NA,0,1,0,48,0,2,2,0,0,0,NA,1,"Switch","Switch"
"1159",1159,1159,2,1,10,1,0,0,46,1,6,4,0,1,1,5,2,"Platform","Platform"
"1160",1160,1160,1,2,NA,0,0,0,23,1,NA,3,0,2,0,5,2,"Control","Control"
"1161",1161,1161,2,3,NA,1,0,0,20,0,NA,3,0,2,0,5,1,"Platform","Platform"
"1162",1162,1162,3,1,NA,0,1,0,18,1,NA,3,0,0,0,NA,2,"Switch","Switch"
"1163",1163,1163,4,3,NA,0,0,1,72,0,NA,1,0,0,0,NA,1,"Full","Full"
"1164",1164,1164,1,2,NA,0,0,0,40,0,4,2,0,2,0,1,1,"Control","Control"
"1165",1165,1165,1,1,10,0,0,0,30,0,5,4,0,2,1,7,1,"Control","Control"
"1166",1166,1166,3,1,NA,0,1,0,43,1,4,2,0,0,0,NA,1,"Switch","Switch"
"1167",1167,1167,4,3,5,0,0,1,44,1,5,3,0,2,1,6,3,"Full","Full"
"1168",1168,1168,1,2,NA,0,0,0,79,0,3,1,0,0,0,NA,1,"Control","Control"
"1169",1169,1169,1,2,NA,0,0,0,70,1,NA,1,0,0,0,NA,1,"Control","Control"
"1170",1170,1170,3,1,8,0,1,0,65,1,NA,2,0,2,1,5,2,"Switch","Switch"
"1171",1171,1171,4,1,NA,0,0,1,35,1,3,2,0,1,0,NA,1,"Full","Full"
"1172",1172,1172,1,1,NA,0,0,0,69,1,3,2,0,0,0,NA,1,"Control","Control"
"1173",1173,1173,2,3,NA,1,0,0,108,0,NA,2,0,1,0,4,4,"Platform","Platform"
"1174",1174,1174,3,3,NA,0,1,0,36,1,4,2,0,0,0,2,3,"Switch","Switch"
"1175",1175,1175,4,2,NA,0,0,1,18,0,4,3,0,0,0,NA,5,"Full","Full"
"1176",1176,1176,1,1,6,0,0,0,37,0,NA,1,0,0,1,6,1,"Control","Control"
"1177",1177,1177,2,2,NA,1,0,0,38,1,10,4,0,2,0,NA,2,"Platform","Platform"
"1178",1178,1178,3,2,NA,0,1,0,81,1,4,2,0,1,0,NA,1,"Switch","Switch"
"1179",1179,1179,4,3,NA,0,0,1,49,1,3,2,0,0,0,4,1,"Full","Full"
"1180",1180,1180,1,1,5,0,0,0,62,0,3,2,0,1,1,4,1,"Control","Control"
"1181",1181,1181,2,3,10,1,0,0,72,1,3,1,0,0,1,9,1,"Platform","Platform"
"1182",1182,1182,3,3,NA,0,1,0,75,1,5,2,0,0,0,NA,1,"Switch","Switch"
"1183",1183,1183,4,2,7,0,0,1,20,1,6,2,0,0,1,8,1,"Full","Full"
"1184",1184,1184,1,1,9,0,0,0,27,1,4,4,0,1,1,8,1,"Control","Control"
"1185",1185,1185,2,3,NA,1,0,0,47,0,4,2,0,1,0,8,1,"Platform","Platform"
"1186",1186,1186,3,1,7,0,1,0,74,1,5,3,0,1,1,NA,1,"Switch","Switch"
"1187",1187,1187,4,3,NA,0,0,1,58,1,NA,4,0,1,0,6,1,"Full","Full"
"1188",1188,1188,1,1,NA,0,0,0,32,1,6,3,0,2,0,8,5,"Control","Control"
"1189",1189,1189,2,2,7,1,0,0,65,0,NA,4,0,1,0,0,1,"Platform","Platform"
"1190",1190,1190,4,2,NA,0,0,1,21,0,4,3,0,1,0,0,1,"Full","Full"
"1191",1191,1191,2,3,NA,1,0,0,26,0,5,3,0,2,0,0,1,"Platform","Platform"
"1192",1192,1192,3,2,NA,0,1,0,54,0,NA,2,0,2,0,4,1,"Switch","Switch"
"1193",1193,1193,4,3,NA,0,0,1,24,1,NA,3,0,2,0,9,1,"Full","Full"
"1194",1194,1194,1,2,NA,0,0,0,28,0,5,3,0,0,0,NA,1,"Control","Control"
"1195",1195,1195,2,1,8,1,0,0,59,0,NA,1,0,1,1,5,1,"Platform","Platform"
"1196",1196,1196,3,2,NA,0,1,0,34,1,5,3,0,2,0,5,1,"Switch","Switch"
"1197",1197,1197,1,3,NA,0,0,0,29,1,5,3,0,1,0,NA,1,"Control","Control"
"1198",1198,1198,3,2,7,0,1,0,42,1,6,4,0,2,1,4,2,"Switch","Switch"
"1199",1199,1199,4,3,NA,0,0,1,19,1,NA,3,0,1,NA,8,1,"Full","Full"
